,Country,iso3c,Year,GPI,Military_Expenditure
0,Afghanistan,AFG,2008,3.095,224.2921551
1,Albania,ALB,2008,1.806,264.9787327
2,Algeria,DZA,2008,2.306,4689.591679
3,Angola,AGO,2008,2.062,4751.210589
4,Argentina,ARG,2008,1.818,4130.082686
5,Armenia,ARM,2008,2.196,472.8516968
6,Australia,AUS,2008,1.349,21379.19609
7,Austria,AUT,2008,1.347,3675.46747
8,Azerbaijan,AZE,2008,2.283,2346.505284
9,Bahrain,BHR,2008,1.869,901.7147477
10,Bangladesh,BGD,2008,2.039,1861.643921
11,Belarus,BLR,2008,2.127,544.0567023
12,Belgium,BEL,2008,1.468,6115.544144
13,Benin,BEN,2008,2.093,56.36551452
14,Bhutan,BTN,2008,1.883,
15,Bolivia,BOL,2008,1.931,624.4596313
16,Bosnia and Herz.,BIH,2008,1.736,
17,Botswana,BWA,2008,1.833,387.4723737
18,Brazil,BRA,2008,2.022,19562.4082
19,Bulgaria,BGR,2008,1.667,1218.251592
20,Burkina Faso,BFA,2008,1.858,111.8757253
21,Burundi,BDI,2008,2.437,75.48312258
22,Cambodia,KHM,2008,1.994,122.2008237
23,Cameroon,CMR,2008,1.97,342.9800815
24,Canada,CAN,2008,1.409,21022.69791
25,Central African Rep.,CAF,2008,2.81,
26,Chad,TCD,2008,2.785,610.0556797
27,Chile,CHL,2008,1.691,4476.88348
28,China,CHN,2008,2.169,110018.4489
29,Colombia,COL,2008,2.797,7347.29627
30,Costa Rica,CRI,2008,1.632,0
31,Côte d'Ivoire,CIV,2008,2.388,
32,Croatia,HRV,2008,1.667,1153.88819
33,Cuba,CUB,2008,2.023,
34,Cyprus,CYP,2008,1.712,378.7396058
35,Czechia,CZE,2008,1.461,3140.797855
36,Dem. Rep. Congo,COD,2008,2.825,
37,Denmark,DNK,2008,1.286,4347.734191
38,Djibouti,DJI,2008,1.966,50.58824643
39,Dominican Republic,DOM,2008,1.989,368.6438903
40,Ecuador,ECU,2008,2.159,2297.588898
41,Egypt,EGY,2008,2.041,4832.294412
42,El Salvador,SLV,2008,2.016,217.4148702
43,Eq. Guinea,GNQ,2008,1.884,
44,Eritrea,ERI,2008,2.475,
45,Estonia,EST,2008,1.689,482.8893786
46,eSwatini,SWZ,2008,1.939,
47,Ethiopia,ETH,2008,2.409,555.0393229
48,Finland,FIN,2008,1.369,3546.598433
49,France,FRA,2008,1.76,47773.80067
50,Gabon,GAB,2008,1.958,
51,Georgia,GEO,2008,2.655,1045.602446
52,Germany,DEU,2008,1.564,40884.57322
53,Ghana,GHA,2008,1.718,77.96789677
54,Greece,GRC,2008,1.957,8991.008196
55,Guatemala,GTM,2008,2.176,282.4424715
56,Guinea,GIN,2008,2.244,
57,Guinea-Bissau,GNB,2008,2.348,
58,Guyana,GUY,2008,2.038,41.4857764
59,Haiti,HTI,2008,2.14,0
60,Honduras,HND,2008,2.178,199.236069
61,Hungary,HUN,2008,1.398,1428.214349
62,Iceland,ISL,2008,1.139,0
63,India,IND,2008,2.402,46610.48938
64,Indonesia,IDN,2008,1.778,3779.26747
65,Iran,IRN,2008,2.488,7153.508114
66,Iraq,IRQ,2008,3.51,3750.402771
67,Ireland,IRL,2008,1.397,1260.884186
68,Israel,ISR,2008,2.892,17846.24636
69,Italy,ITA,2008,1.635,32955.39163
70,Jamaica,JAM,2008,1.981,152.7607016
71,Japan,JPN,2008,1.405,38531.71847
72,Jordan,JOR,2008,1.921,1881.012512
73,Kazakhstan,KAZ,2008,2.077,1156.91401
74,Kenya,KEN,2008,2.425,883.914971
75,Kosovo,KSV,2008,1.98,0.917246619
76,Kuwait,KWT,2008,1.603,5908.120045
77,Kyrgyzstan,KGZ,2008,2.259,
78,Laos,LAO,2008,1.918,19.27776429
79,Latvia,LVA,2008,1.595,608.2094851
80,Lebanon,LBN,2008,2.627,1016.389766
81,Lesotho,LSO,2008,1.856,21.04729832
82,Liberia,LBR,2008,1.957,21.98114411
83,Libya,LBY,2008,2.086,1236.437418
84,Lithuania,LTU,2008,1.692,617.5966877
85,Madagascar,MDG,2008,1.772,111.7808006
86,Malawi,MWI,2008,1.843,46.69291129
87,Malaysia,MYS,2008,1.691,4350.890903
88,Mali,MLI,2008,2.216,132.2623713
89,Mauritania,MRT,2008,2.278,135.3788829
90,Mauritius,MUS,2008,1.605,16.24261086
91,Mexico,MEX,2008,2.251,4390.675335
92,Moldova,MDA,2008,1.966,50.81915367
93,Mongolia,MNG,2008,2.015,88.23311314
94,Montenegro,MNE,2008,2.071,85.57083437
95,Morocco,MAR,2008,2.002,2771.800822
96,Mozambique,MOZ,2008,1.87,85.77882875
97,Myanmar,MMR,2008,2.494,
98,Namibia,NAM,2008,2.058,273.8161767
99,Nepal,NPL,2008,2.114,280.4365216
100,Netherlands,NLD,2008,1.531,12072.18442
101,New Zealand,NZL,2008,1.294,1872.824377
102,Nicaragua,NIC,2008,1.846,49.28630747
103,Niger,NER,2008,2.013,47.53395015
104,Nigeria,NGA,2008,2.499,2439.40841
105,North Korea,PRK,2008,2.887,
106,Macedonia,MKD,2008,1.856,
107,Norway,NOR,2008,1.395,5217.732159
108,Oman,OMN,2008,1.735,4344.984116
109,Pakistan,PAK,2008,2.87,6067.548358
110,Palestine,PSE,2008,0,
111,Panama,PAN,2008,1.815,0
112,Papua New Guinea,PNG,2008,1.997,61.37700353
113,Paraguay,PRY,2008,1.879,184.5511231
114,Peru,PER,2008,2.027,1799.699496
115,Philippines,PHL,2008,2.237,2916.874772
116,Poland,POL,2008,1.576,7632.399013
117,Portugal,PRT,2008,1.355,3239.555923
118,Qatar,QAT,2008,1.597,2585.651038
119,Republic of the Congo,COG,2008,2.147,
120,Romania,ROU,2008,1.574,2742.993783
121,Russia,RUS,2008,2.919,54093.17434
122,Rwanda,RWA,2008,1.807,78.20611151
123,Saudi Arabia,SAU,2008,2.301,54716.88092
124,Senegal,SEN,2008,2.111,193.4930542
125,Serbia,SRB,2008,1.929,1085.356059
126,Sierra Leone,SLE,2008,1.807,22.48090751
127,Singapore,SGP,2008,1.584,9811.831112
128,Slovakia,SVK,2008,1.537,1477.187103
129,Slovenia,SVN,2008,1.348,752.6080232
130,Somalia,SOM,2008,3.153,
131,South Africa,ZAF,2008,2.221,3400.44414
132,South Korea,KOR,2008,1.756,
133,S. Sudan,SSD,2008,0,
134,Spain,ESP,2008,1.652,20022.37489
135,Sri Lanka,LKA,2008,2.47,1470.239267
136,Sudan,SDN,2008,3.022,6719.201189
137,Sweden,SWE,2008,1.45,4860.050819
138,Switzerland,CHE,2008,1.44,4762.939346
139,Syria,SYR,2008,2.154,
140,Taiwan,TWN,2008,1.795,10908.26451
141,Tajikistan,TJK,2008,2.203,43.33370573
142,Tanzania,TZA,2008,1.707,248.9409427
143,Thailand,THA,2008,2.326,4284.554007
144,The Gambia,GMB,2008,1.891,
145,Timor-Leste,TLS,2008,1.941,
146,Togo,TGO,2008,2.002,55.82003152
147,Trinidad and Tobago,TTO,2008,2.082,237.0729487
148,Tunisia,TUN,2008,1.814,466.3053516
149,Turkey,TUR,2008,2.45,
150,Turkmenistan,TKM,2008,2.145,
151,Uganda,UGA,2008,2.54,340.5404174
152,Ukraine,UKR,2008,2.095,3744.564655
153,United Arab Emirates,ARE,2008,1.699,14521.43725
154,United Kingdom,GBR,2008,1.837,68305.01266
155,United States of America,USA,2008,2.236,892710.8252
156,Uruguay,URY,2008,1.689,863.1871358
157,Uzbekistan,UZB,2008,2.131,
158,Venezuela,VEN,2008,2.313,1.156292682
159,Vietnam,VNM,2008,1.832,
160,Yemen,YEM,2008,2.407,8592.358775
161,Zambia,ZMB,2008,1.843,252.01969
162,Zimbabwe,ZWE,2008,2.376,
163,Afghanistan,AFG,2009,3.191,252.4079487
164,Albania,ALB,2009,1.779,209.6515986
165,Algeria,DZA,2009,2.333,5093.384893
166,Angola,AGO,2009,2.066,4622.802149
167,Argentina,ARG,2009,1.946,4451.15087
168,Armenia,ARM,2009,2.219,492.8930968
169,Australia,AUS,2009,1.376,22989.73432
170,Austria,AUT,2009,1.365,3432.056187
171,Azerbaijan,AZE,2009,2.32,2072.771918
172,Bahrain,BHR,2009,1.868,1009.079464
173,Bangladesh,BGD,2009,2.028,2171.946313
174,Belarus,BLR,2009,2.137,481.697765
175,Belgium,BEL,2009,1.479,5760.03925
176,Benin,BEN,2009,2.092,
177,Bhutan,BTN,2009,1.892,
178,Bolivia,BOL,2009,2.012,489.2505215
179,Bosnia and Herz.,BIH,2009,1.783,
180,Botswana,BWA,2009,1.788,373.3797385
181,Brazil,BRA,2009,2.029,21330.17911
182,Bulgaria,BGR,2009,1.691,971.8485036
183,Burkina Faso,BFA,2009,1.774,125.1225874
184,Burundi,BDI,2009,2.411,
185,Cambodia,KHM,2009,2.105,208.8359283
186,Cameroon,CMR,2009,2.009,347.6085994
187,Canada,CAN,2009,1.437,21982.85468
188,Central African Rep.,CAF,2009,2.703,
189,Chad,TCD,2009,2.843,707.0208097
190,Chile,CHL,2009,1.688,4025.910083
191,China,CHN,2009,2.094,133500.7177
192,Colombia,COL,2009,2.727,7718.465041
193,Costa Rica,CRI,2009,1.646,0
194,Côte d'Ivoire,CIV,2009,2.267,
195,Croatia,HRV,2009,1.687,1051.389682
196,Cuba,CUB,2009,2.017,
197,Cyprus,CYP,2009,1.72,413.4552151
198,Czechia,CZE,2009,1.445,3233.700394
199,Dem. Rep. Congo,COD,2009,2.852,
200,Denmark,DNK,2009,1.285,4088.14115
201,Djibouti,DJI,2009,1.954,
202,Dominican Republic,DOM,2009,1.999,362.0968521
203,Ecuador,ECU,2009,2.189,2587.044421
204,Egypt,EGY,2009,1.93,4690.158139
205,El Salvador,SLV,2009,2.1,236.1599324
206,Eq. Guinea,GNQ,2009,1.808,
207,Eritrea,ERI,2009,2.462,
208,Estonia,EST,2009,1.723,418.3767795
209,eSwatini,SWZ,2009,1.924,
210,Ethiopia,ETH,2009,2.65,549.1846038
211,Finland,FIN,2009,1.371,3723.125848
212,France,FRA,2009,1.787,51308.40796
213,Gabon,GAB,2009,1.962,
214,Georgia,GEO,2009,2.688,637.755452
215,Germany,DEU,2009,1.589,42432.92009
216,Ghana,GHA,2009,1.767,90.61531926
217,Greece,GRC,2009,1.948,9426.707938
218,Guatemala,GTM,2009,2.099,265.0389195
219,Guinea,GIN,2009,2.261,
220,Guinea-Bissau,GNB,2009,2.342,13.60289104
221,Guyana,GUY,2009,2.048,41.06637584
222,Haiti,HTI,2009,2.085,0
223,Honduras,HND,2009,2.205,223.5129283
224,Hungary,HUN,2009,1.503,1273.015491
225,Iceland,ISL,2009,1.151,0
226,India,IND,2009,2.449,54876.60948
227,Indonesia,IDN,2009,1.75,3965.077735
228,Iran,IRN,2009,2.389,7484.663855
229,Iraq,IRQ,2009,3.46,3574.791079
230,Ireland,IRL,2009,1.453,1244.870282
231,Israel,ISR,2009,2.883,17484.2409
232,Italy,ITA,2009,1.71,31875.22255
233,Jamaica,JAM,2009,1.979,147.9183682
234,Japan,JPN,2009,1.402,39253.5286
235,Jordan,JOR,2009,1.872,2188.903072
236,Kazakhstan,KAZ,2009,2.109,1091.082989
237,Kenya,KEN,2009,2.509,901.8148889
238,Kosovo,KSV,2009,1.978,29.10162295
239,Kuwait,KWT,2009,1.595,5743.806713
240,Kyrgyzstan,KGZ,2009,2.253,
241,Laos,LAO,2009,1.908,16.10417993
242,Latvia,LVA,2009,1.688,386.2694831
243,Lebanon,LBN,2009,2.566,1224.867937
244,Lesotho,LSO,2009,1.857,45.00079107
245,Liberia,LBR,2009,1.967,28.20761201
246,Libya,LBY,2009,2.055,
247,Lithuania,LTU,2009,1.676,465.9340088
248,Madagascar,MDG,2009,2.035,80.75027243
249,Malawi,MWI,2009,1.838,57.20923452
250,Malaysia,MYS,2009,1.686,4107.274475
251,Mali,MLI,2009,2.232,137.5531218
252,Mauritania,MRT,2009,2.351,135.8188196
253,Mauritius,MUS,2009,1.62,17.49519411
254,Mexico,MEX,2009,2.323,5272.636803
255,Moldova,MDA,2009,1.949,36.74715234
256,Mongolia,MNG,2009,1.983,57.00882024
257,Montenegro,MNE,2009,2.021,78.57565584
258,Morocco,MAR,2009,1.988,2960.479923
259,Mozambique,MOZ,2009,1.853,94.74224869
260,Myanmar,MMR,2009,2.521,
261,Namibia,NAM,2009,2.049,288.6650895
262,Nepal,NPL,2009,2.052,314.5436019
263,Netherlands,NLD,2009,1.546,12332.71735
264,New Zealand,NZL,2009,1.3,1965.586566
265,Nicaragua,NIC,2009,1.85,48.81066057
266,Niger,NER,2009,2.091,49.24594665
267,Nigeria,NGA,2009,2.467,2535.162569
268,North Korea,PRK,2009,2.886,
269,Macedonia,MKD,2009,1.884,
270,Norway,NOR,2009,1.419,5535.789301
271,Oman,OMN,2009,1.764,4084.109159
272,Pakistan,PAK,2009,3.066,6252.904536
273,Palestine,PSE,2009,0,
274,Panama,PAN,2009,1.768,0
275,Papua New Guinea,PNG,2009,1.986,77.51364665
276,Paraguay,PRY,2009,1.935,205.1175228
277,Peru,PER,2009,1.995,2213.406844
278,Philippines,PHL,2009,2.296,2805.077021
279,Poland,POL,2009,1.585,8050.611606
280,Portugal,PRT,2009,1.373,3466.520996
281,Qatar,QAT,2009,1.411,2284.911212
282,Republic of the Congo,COG,2009,2.074,
283,Romania,ROU,2009,1.599,2332.337505
284,Russia,RUS,2009,3.001,56753.99492
285,Rwanda,RWA,2009,1.945,80.05865448
286,Saudi Arabia,SAU,2009,2.234,56231.07747
287,Senegal,SEN,2009,2.078,206.7508112
288,Serbia,SRB,2009,1.95,1067.059925
289,Sierra Leone,SLE,2009,1.806,26.52640276
290,Singapore,SGP,2009,1.523,10139.19852
291,Slovakia,SVK,2009,1.525,1411.592772
292,Slovenia,SVN,2009,1.347,758.0231674
293,Somalia,SOM,2009,3.237,
294,South Africa,ZAF,2009,2.39,3556.869993
295,South Korea,KOR,2009,1.776,
296,S. Sudan,SSD,2009,0,
297,Spain,ESP,2009,1.707,19221.18759
298,Sri Lanka,LKA,2009,2.56,1518.560787
299,Sudan,SDN,2009,3.016,6552.211439
300,Sweden,SWE,2009,1.441,4766.247376
301,Switzerland,CHE,2009,1.476,4757.90284
302,Syria,SYR,2009,2.222,
303,Taiwan,TWN,2009,1.852,11748.48194
304,Tajikistan,TJK,2009,2.209,44.54292461
305,Tanzania,TZA,2009,1.744,277.1696509
306,Thailand,THA,2009,2.396,5287.059759
307,The Gambia,GMB,2009,1.869,
308,Timor-Leste,TLS,2009,1.861,
309,Togo,TGO,2009,1.914,54.88176572
310,Trinidad and Tobago,TTO,2009,2.021,221.9381912
311,Tunisia,TUN,2009,1.815,480.9093598
312,Turkey,TUR,2009,2.515,
313,Turkmenistan,TKM,2009,2.037,
314,Uganda,UGA,2009,2.423,334.7185622
315,Ukraine,UKR,2009,2.173,3430.123424
316,United Arab Emirates,ARE,2009,1.627,17096.41383
317,United Kingdom,GBR,2009,1.782,69399.41423
318,United States of America,USA,2009,2.312,962957.8152
319,Uruguay,URY,2009,1.704,882.8528872
320,Uzbekistan,UZB,2009,2.12,
321,Venezuela,VEN,2009,2.359,0.651879234
322,Vietnam,VNM,2009,1.846,
323,Yemen,YEM,2009,2.474,9829.601011
324,Zambia,ZMB,2009,1.834,237.9332767
325,Zimbabwe,ZWE,2009,2.66,
326,Afghanistan,AFG,2010,3.04,269.9126734
327,Albania,ALB,2010,1.77,225.2211678
328,Algeria,DZA,2010,2.333,5390.348752
329,Angola,AGO,2010,2.006,4946.65824
330,Argentina,ARG,2010,1.947,4404.487057
331,Armenia,ARM,2010,2.229,514.9482029
332,Australia,AUS,2010,1.387,23257.15527
333,Austria,AUT,2010,1.357,3412.348905
334,Azerbaijan,AZE,2010,2.342,1364.80101
335,Bahrain,BHR,2010,1.812,1007.143013
336,Bangladesh,BGD,2010,2.11,2615.395299
337,Belarus,BLR,2010,2.144,541.9362345
338,Belgium,BEL,2010,1.489,5516.826544
339,Benin,BEN,2010,2.093,
340,Bhutan,BTN,2010,1.947,
341,Bolivia,BOL,2010,2.039,854.8146654
342,Bosnia and Herz.,BIH,2010,1.792,
343,Botswana,BWA,2010,1.766,350.0804752
344,Brazil,BRA,2010,2.03,23687.03918
345,Bulgaria,BGR,2010,1.668,916.6636031
346,Burkina Faso,BFA,2010,1.712,128.4789306
347,Burundi,BDI,2010,2.456,
348,Cambodia,KHM,2010,2.121,249.4984353
349,Cameroon,CMR,2010,2.101,371.331641
350,Canada,CAN,2010,1.499,19855.10649
351,Central African Rep.,CAF,2010,2.611,
352,Chad,TCD,2010,2.908,631.1755918
353,Chile,CHL,2010,1.721,4529.676371
354,China,CHN,2010,2.176,140076.0284
355,Colombia,COL,2010,2.806,7659.644621
356,Costa Rica,CRI,2010,1.655,0
357,Côte d'Ivoire,CIV,2010,2.163,
358,Croatia,HRV,2010,1.623,974.25334
359,Cuba,CUB,2010,2.016,
360,Cyprus,CYP,2010,1.906,428.9858735
361,Czechia,CZE,2010,1.416,2933.530626
362,Dem. Rep. Congo,COD,2010,2.876,
363,Denmark,DNK,2010,1.352,4352.556896
364,Djibouti,DJI,2010,2.009,
365,Dominican Republic,DOM,2010,2.075,389.0648469
366,Ecuador,ECU,2010,2.189,2684.109706
367,Egypt,EGY,2010,1.942,4688.93055
368,El Salvador,SLV,2010,2.127,247.0503562
369,Eq. Guinea,GNQ,2010,1.844,
370,Eritrea,ERI,2010,2.447,
371,Estonia,EST,2010,1.729,400.5816442
372,eSwatini,SWZ,2010,1.926,
373,Ethiopia,ETH,2010,2.413,555.408921
374,Finland,FIN,2010,1.369,3640.686734
375,France,FRA,2010,1.794,48876.19294
376,Gabon,GAB,2010,2.042,279.4744303
377,Georgia,GEO,2010,2.971,477.9774974
378,Germany,DEU,2010,1.61,42536.16341
379,Ghana,GHA,2010,1.832,86.06676241
380,Greece,GRC,2010,1.991,7244.037431
381,Guatemala,GTM,2010,2.15,290.2092469
382,Guinea,GIN,2010,2.326,
383,Guinea-Bissau,GNB,2010,2.334,17.34553449
384,Guyana,GUY,2010,2.147,39.55213974
385,Haiti,HTI,2010,2.064,0
386,Honduras,HND,2010,2.343,231.704121
387,Hungary,HUN,2010,1.481,1142.003278
388,Iceland,ISL,2010,1.133,0
389,India,IND,2010,2.579,55097.28307
390,Indonesia,IDN,2010,1.723,4656.716813
391,Iran,IRN,2010,2.465,7615.925263
392,Iraq,IRQ,2010,3.421,4028.377156
393,Ireland,IRL,2010,1.437,1186.180284
394,Israel,ISR,2010,2.886,17607.26879
395,Italy,ITA,2010,1.722,30965.01173
396,Jamaica,JAM,2010,1.999,131.1768837
397,Japan,JPN,2010,1.397,39394.09712
398,Jordan,JOR,2010,1.886,2073.866655
399,Kazakhstan,KAZ,2010,2.148,1198.395609
400,Kenya,KEN,2010,2.551,956.1465834
401,Kosovo,KSV,2010,1.983,41.79589384
402,Kuwait,KWT,2010,1.525,5638.467524
403,Kyrgyzstan,KGZ,2010,2.251,
404,Laos,LAO,2010,1.746,16.19429994
405,Latvia,LVA,2010,1.666,292.4684298
406,Lebanon,LBN,2010,2.573,1309.429114
407,Lesotho,LSO,2010,1.852,59.38945698
408,Liberia,LBR,2010,2.005,34.65208099
409,Libya,LBY,2010,2.023,
410,Lithuania,LTU,2010,1.683,388.9391438
411,Madagascar,MDG,2010,1.98,63.32462708
412,Malawi,MWI,2010,1.809,48.26759943
413,Malaysia,MYS,2010,1.657,3590.77614
414,Mali,MLI,2010,2.313,145.0210303
415,Mauritania,MRT,2010,2.243,0
416,Mauritius,MUS,2010,1.614,15.89954769
417,Mexico,MEX,2010,2.336,5021.644019
418,Moldova,MDA,2010,1.981,28.02298299
419,Mongolia,MNG,2010,1.981,71.27085979
420,Montenegro,MNE,2010,1.994,80.18569045
421,Morocco,MAR,2010,1.976,3168.340679
422,Mozambique,MOZ,2010,1.843,122.0658699
423,Myanmar,MMR,2010,2.383,
424,Namibia,NAM,2010,2.049,314.8476675
425,Nepal,NPL,2010,2.104,329.9870625
426,Netherlands,NLD,2010,1.558,11813.47597
427,New Zealand,NZL,2010,1.312,2001.621342
428,Nicaragua,NIC,2010,1.844,51.57098921
429,Niger,NER,2010,2.117,64.67095829
430,Nigeria,NGA,2010,2.459,2976.510983
431,North Korea,PRK,2010,2.935,
432,Macedonia,MKD,2010,1.851,
433,Norway,NOR,2010,1.44,5449.302188
434,Oman,OMN,2010,1.713,4312.250172
435,Pakistan,PAK,2010,3.101,6538.511173
436,Palestine,PSE,2010,0,
437,Panama,PAN,2010,1.881,0
438,Papua New Guinea,PNG,2010,1.967,64.24479439
439,Paraguay,PRY,2010,2.005,226.9968342
440,Peru,PER,2010,2.061,2410.675803
441,Philippines,PHL,2010,2.306,2946.607551
442,Poland,POL,2010,1.649,8434.908363
443,Portugal,PRT,2010,1.413,3395.706308
444,Qatar,QAT,2010,1.466,2255.656166
445,Republic of the Congo,COG,2010,2.1,
446,Romania,ROU,2010,1.655,2148.07243
447,Russia,RUS,2010,3.054,57907.72369
448,Rwanda,RWA,2010,1.974,81.51751924
449,Saudi Arabia,SAU,2010,2.268,58525.69855
450,Senegal,SEN,2010,2.122,195.1907453
451,Serbia,SRB,2010,1.977,1035.279925
452,Sierra Leone,SLE,2010,1.835,27.59735125
453,Singapore,SGP,2010,1.49,9944.183017
454,Slovakia,SVK,2010,1.543,1235.662338
455,Slovenia,SVN,2010,1.347,754.8393993
456,Somalia,SOM,2010,3.3,
457,South Africa,ZAF,2010,2.365,3441.728888
458,South Korea,KOR,2010,1.802,
459,S. Sudan,SSD,2010,0,
460,Spain,ESP,2010,1.719,19345.85648
461,Sri Lanka,LKA,2010,2.689,1415.321068
462,Sudan,SDN,2010,3.041,
463,Sweden,SWE,2010,1.444,5158.16059
464,Switzerland,CHE,2010,1.469,4595.81577
465,Syria,SYR,2010,2.292,
466,Taiwan,TWN,2010,1.711,11103.85781
467,Tajikistan,TJK,2010,2.177,50.01978243
468,Tanzania,TZA,2010,1.778,358.8512228
469,Thailand,THA,2010,2.379,5663.993994
470,The Gambia,GMB,2010,1.892,
471,Timor-Leste,TLS,2010,1.848,
472,Togo,TGO,2010,1.922,58.49697245
473,Trinidad and Tobago,TTO,2010,2.079,208.9971805
474,Tunisia,TUN,2010,1.757,498.9340488
475,Turkey,TUR,2010,2.5,
476,Turkmenistan,TKM,2010,2.12,
477,Uganda,UGA,2010,2.311,715.9090103
478,Ukraine,UKR,2010,2.217,3450.529901
479,United Arab Emirates,ARE,2010,1.611,21440.78095
480,United Kingdom,GBR,2010,1.783,68232.95685
481,United States of America,USA,2010,2.286,990485.4121
482,Uruguay,URY,2010,1.713,963.0748453
483,Uzbekistan,UZB,2010,2.178,
484,Venezuela,VEN,2010,2.364,0.601903786
485,Vietnam,VNM,2010,1.87,
486,Yemen,YEM,2010,2.562,9755.79227
487,Zambia,ZMB,2010,1.827,264.3474413
488,Zimbabwe,ZWE,2010,2.732,55.9947511
489,Afghanistan,AFG,2011,3.021,265.4850398
490,Albania,ALB,2011,1.797,224.0204163
491,Algeria,DZA,2011,2.479,7714.487925
492,Angola,AGO,2011,2.049,4631.710125
493,Argentina,ARG,2011,1.909,4341.334681
494,Armenia,ARM,2011,2.193,471.8723148
495,Australia,AUS,2011,1.439,22934.95625
496,Austria,AUT,2011,1.395,3334.766182
497,Azerbaijan,AZE,2011,2.348,2596.815693
498,Bahrain,BHR,2011,2.147,1239.97389
499,Bangladesh,BGD,2011,2.134,2771.852776
500,Belarus,BLR,2011,2.128,581.9152747
501,Belgium,BEL,2011,1.476,5323.233031
502,Benin,BEN,2011,2.151,
503,Bhutan,BTN,2011,1.916,
504,Bolivia,BOL,2011,1.974,567.1647467
505,Bosnia and Herz.,BIH,2011,1.778,
506,Botswana,BWA,2011,1.806,338.5466921
507,Brazil,BRA,2011,2.019,22944.05054
508,Bulgaria,BGR,2011,1.609,762.2745396
509,Burkina Faso,BFA,2011,1.735,133.7077359
510,Burundi,BDI,2011,2.341,
511,Cambodia,KHM,2011,2.099,262.6045855
512,Cameroon,CMR,2011,1.986,337.2925611
513,Canada,CAN,2011,1.44,20526.1018
514,Central African Rep.,CAF,2011,2.679,
515,Chad,TCD,2011,2.668,583.5331924
516,Chile,CHL,2011,1.748,4827.82952
517,China,CHN,2011,2.185,150373.8666
518,Colombia,COL,2011,2.714,7130.079501
519,Costa Rica,CRI,2011,1.781,0
520,Côte d'Ivoire,CIV,2011,2.366,
521,Croatia,HRV,2011,1.629,1008.449658
522,Cuba,CUB,2011,1.99,
523,Cyprus,CYP,2011,1.895,397.4717488
524,Czechia,CZE,2011,1.378,2641.801159
525,Dem. Rep. Congo,COD,2011,2.884,
526,Denmark,DNK,2011,1.304,4056.93386
527,Djibouti,DJI,2011,2.1,
528,Dominican Republic,DOM,2011,2.093,370.178014
529,Ecuador,ECU,2011,2.138,3010.472129
530,Egypt,EGY,2011,2.203,4553.558798
531,El Salvador,SLV,2011,2.161,258.0296075
532,Eq. Guinea,GNQ,2011,1.925,
533,Eritrea,ERI,2011,2.426,
534,Estonia,EST,2011,1.701,426.2329629
535,eSwatini,SWZ,2011,2.035,
536,Ethiopia,ETH,2011,2.432,535.2410841
537,Finland,FIN,2011,1.37,3698.967113
538,France,FRA,2011,1.771,47422.70607
539,Gabon,GAB,2011,2.048,260.2289446
540,Georgia,GEO,2011,2.577,430.0749212
541,Germany,DEU,2011,1.61,41673.82245
542,Ghana,GHA,2011,1.805,159.9969173
543,Greece,GRC,2011,1.985,5832.400054
544,Guatemala,GTM,2011,2.253,306.9598057
545,Guinea,GIN,2011,2.31,
546,Guinea-Bissau,GNB,2011,2.3,16.08996213
547,Guyana,GUY,2011,2.122,39.37714608
548,Haiti,HTI,2011,2.03,0
549,Honduras,HND,2011,2.295,255.801167
550,Hungary,HUN,2011,1.539,1157.779979
551,Iceland,ISL,2011,1.125,0
552,India,IND,2011,2.579,55603.63358
553,Indonesia,IDN,2011,1.736,5338.550758
554,Iran,IRN,2011,2.544,6573.100684
555,Iraq,IRQ,2011,3.193,4340.860023
556,Ireland,IRL,2011,1.452,1124.505915
557,Israel,ISR,2011,2.867,17720.86576
558,Italy,ITA,2011,1.74,30323.86819
559,Jamaica,JAM,2011,2.038,138.9193866
560,Japan,JPN,2011,1.402,39926.57329
561,Jordan,JOR,2011,1.863,2038.153047
562,Kazakhstan,KAZ,2011,2.111,1321.038548
563,Kenya,KEN,2011,2.528,977.1370881
564,Kosovo,KSV,2011,1.985,49.01407804
565,Kuwait,KWT,2011,1.538,6443.012645
566,Kyrgyzstan,KGZ,2011,2.25,
567,Laos,LAO,2011,1.768,18.12036875
568,Latvia,LVA,2011,1.66,302.6669747
569,Lebanon,LBN,2011,2.583,1279.782825
570,Lesotho,LSO,2011,1.883,46.16398712
571,Liberia,LBR,2011,1.996,45.28669523
572,Libya,LBY,2011,2.694,
573,Lithuania,LTU,2011,1.77,375.4883203
574,Madagascar,MDG,2011,2.164,70.88048704
575,Malawi,MWI,2011,1.71,49.27755568
576,Malaysia,MYS,2011,1.575,4025.256424
577,Mali,MLI,2011,2.303,147.2515952
578,Mauritania,MRT,2011,2.3,0
579,Mauritius,MUS,2011,1.619,16.3863298
580,Mexico,MEX,2011,2.404,5481.697004
581,Moldova,MDA,2011,1.981,30.93334677
582,Mongolia,MNG,2011,1.814,97.40748927
583,Montenegro,MNE,2011,1.996,78.05825289
584,Morocco,MAR,2011,2.044,3191.438259
585,Mozambique,MOZ,2011,1.969,113.4662828
586,Myanmar,MMR,2011,2.229,
587,Namibia,NAM,2011,1.976,332.6640862
588,Nepal,NPL,2011,2.13,341.1323078
589,Netherlands,NLD,2011,1.537,11416.52656
590,New Zealand,NZL,2011,1.311,1935.515719
591,Nicaragua,NIC,2011,1.885,58.22634535
592,Niger,NER,2011,2.062,75.11618336
593,Nigeria,NGA,2011,2.455,3313.652027
594,North Korea,PRK,2011,2.982,
595,Macedonia,MKD,2011,1.804,
596,Norway,NOR,2011,1.512,5552.070956
597,Oman,OMN,2011,1.891,5645.41539
598,Pakistan,PAK,2011,3.111,6892.575948
599,Palestine,PSE,2011,0,
600,Panama,PAN,2011,1.813,0
601,Papua New Guinea,PNG,2011,2.011,74.30391889
602,Paraguay,PRY,2011,1.932,258.6216776
603,Peru,PER,2011,2.027,2457.341085
604,Philippines,PHL,2011,2.312,2993.538172
605,Poland,POL,2011,1.563,8552.858319
606,Portugal,PRT,2011,1.427,3219.654818
607,Qatar,QAT,2011,1.487,
608,Republic of the Congo,COG,2011,2.067,
609,Romania,ROU,2011,1.632,2222.093438
610,Russia,RUS,2011,2.94,61801.30044
611,Rwanda,RWA,2011,2.044,82.36099041
612,Saudi Arabia,SAU,2011,2.189,59320.64557
613,Senegal,SEN,2011,2.149,211.5041773
614,Serbia,SRB,2011,1.956,994.3288078
615,Sierra Leone,SLE,2011,1.834,28.72028595
616,Singapore,SGP,2011,1.461,9589.994949
617,Slovakia,SVK,2011,1.59,1060.325636
618,Slovenia,SVN,2011,1.344,609.0671357
619,Somalia,SOM,2011,3.157,
620,South Africa,ZAF,2011,2.341,3566.092445
621,South Korea,KOR,2011,1.879,
622,S. Sudan,SSD,2011,2.345,
623,Spain,ESP,2011,1.673,17846.65207
624,Sri Lanka,LKA,2011,2.596,1484.263613
625,Sudan,SDN,2011,3.102,
626,Sweden,SWE,2011,1.439,4850.034156
627,Switzerland,CHE,2011,1.447,4718.747301
628,Syria,SYR,2011,2.305,
629,Taiwan,TWN,2011,1.689,11209.73349
630,Tajikistan,TJK,2011,2.18,62.16526331
631,Tanzania,TZA,2011,1.771,386.3321152
632,Thailand,THA,2011,2.384,5213.401766
633,The Gambia,GMB,2011,1.936,
634,Timor-Leste,TLS,2011,1.771,
635,Togo,TGO,2011,1.937,55.88415277
636,Trinidad and Tobago,TTO,2011,2.05,204.1123153
637,Tunisia,TUN,2011,1.901,595.1692504
638,Turkey,TUR,2011,2.435,
639,Turkmenistan,TKM,2011,2.075,
640,Uganda,UGA,2011,2.246,709.7220026
641,Ukraine,UKR,2011,2.131,3170.532037
642,United Arab Emirates,ARE,2011,1.577,23290.64356
643,United Kingdom,GBR,2011,1.785,65926.17147
644,United States of America,USA,2011,2.239,978756.9911
645,Uruguay,URY,2011,1.618,936.4061965
646,Uzbekistan,UZB,2011,2.274,
647,Venezuela,VEN,2011,2.337,0.710795987
648,Vietnam,VNM,2011,1.86,
649,Yemen,YEM,2011,2.565,8846.072952
650,Zambia,ZMB,2011,1.73,277.6491894
651,Zimbabwe,ZWE,2011,2.66,109.2521906
652,Afghanistan,AFG,2012,3.154,198.9558027
653,Albania,ALB,2012,1.799,218.9302366
654,Algeria,DZA,2012,2.399,8117.902483
655,Angola,AGO,2012,2.087,4861.044758
656,Argentina,ARG,2012,1.872,4287.763885
657,Armenia,ARM,2012,2.194,483.1711335
658,Australia,AUS,2012,1.497,22131.2283
659,Austria,AUT,2012,1.364,3290.764707
660,Azerbaijan,AZE,2012,2.368,2694.072405
661,Bahrain,BHR,2012,2.068,1380.283881
662,Bangladesh,BGD,2012,2.158,2915.942669
663,Belarus,BLR,2012,2.122,653.9233249
664,Belgium,BEL,2012,1.476,5263.911528
665,Benin,BEN,2012,2.097,68.69352035
666,Bhutan,BTN,2012,1.753,
667,Bolivia,BOL,2012,2.037,669.5435304
668,Bosnia and Herz.,BIH,2012,1.81,
669,Botswana,BWA,2012,1.782,315.5793638
670,Brazil,BRA,2012,2.052,23385.22913
671,Bulgaria,BGR,2012,1.644,763.3193647
672,Burkina Faso,BFA,2012,1.686,148.2526643
673,Burundi,BDI,2012,2.29,80.98709321
674,Cambodia,KHM,2012,2.155,286.6911531
675,Cameroon,CMR,2012,2.017,362.3107514
676,Canada,CAN,2012,1.414,19518.34081
677,Central African Rep.,CAF,2012,2.78,
678,Chad,TCD,2012,2.612,
679,Chile,CHL,2012,1.641,4531.127859
680,China,CHN,2012,2.175,165824.085
681,Colombia,COL,2012,2.648,7631.976324
682,Costa Rica,CRI,2012,1.731,0
683,Côte d'Ivoire,CIV,2012,2.318,
684,Croatia,HRV,2012,1.611,921.751251
685,Cuba,CUB,2012,2.032,
686,Cyprus,CYP,2012,1.923,362.8876084
687,Czechia,CZE,2012,1.431,2539.534437
688,Dem. Rep. Congo,COD,2012,2.934,
689,Denmark,DNK,2012,1.258,4183.715924
690,Djibouti,DJI,2012,1.917,
691,Dominican Republic,DOM,2012,2.045,417.4864672
692,Ecuador,ECU,2012,2.044,3023.190534
693,Egypt,EGY,2012,2.302,4430.68515
694,El Salvador,SLV,2012,2.197,257.7796144
695,Eq. Guinea,GNQ,2012,1.882,
696,Eritrea,ERI,2012,2.405,
697,Estonia,EST,2012,1.679,497.9810132
698,eSwatini,SWZ,2012,2.006,
699,Ethiopia,ETH,2012,2.587,500.2176427
700,Finland,FIN,2012,1.336,3744.331185
701,France,FRA,2012,1.802,46694.24669
702,Gabon,GAB,2012,2.026,286.8342673
703,Georgia,GEO,2012,2.497,446.1407604
704,Germany,DEU,2012,1.595,42864.63431
705,Ghana,GHA,2012,1.75,246.0124826
706,Greece,GRC,2012,2.026,5158.510211
707,Guatemala,GTM,2012,2.207,338.2035814
708,Guinea,GIN,2012,2.174,346.5431984
709,Guinea-Bissau,GNB,2012,2.318,23.82813087
710,Guyana,GUY,2012,1.962,39.85923996
711,Haiti,HTI,2012,1.976,
712,Honduras,HND,2012,2.269,262.3806784
713,Hungary,HUN,2012,1.512,1102.072872
714,Iceland,ISL,2012,1.182,0
715,India,IND,2012,2.487,55321.45496
716,Indonesia,IDN,2012,1.685,6129.617967
717,Iran,IRN,2012,2.564,6843.379578
718,Iraq,IRQ,2012,3.085,3947.191608
719,Ireland,IRL,2012,1.409,1064.967126
720,Israel,ISR,2012,2.761,18063.45144
721,Italy,ITA,2012,1.726,28030.19763
722,Jamaica,JAM,2012,2.084,138.3270465
723,Japan,JPN,2012,1.416,39442.52986
724,Jordan,JOR,2012,1.924,1800.954805
725,Kazakhstan,KAZ,2012,2.094,1543.042909
726,Kenya,KEN,2012,2.452,1104.582431
727,Kosovo,KSV,2012,1.953,44.05393456
728,Kuwait,KWT,2012,1.611,6972.45904
729,Kyrgyzstan,KGZ,2012,2.429,
730,Laos,LAO,2012,1.789,18.53363074
731,Latvia,LVA,2012,1.656,278.2280134
732,Lebanon,LBN,2012,2.394,1297.222031
733,Lesotho,LSO,2012,1.858,45.04736131
734,Liberia,LBR,2012,1.936,50.95399855
735,Libya,LBY,2012,2.467,2682.667158
736,Lithuania,LTU,2012,1.757,376.0764818
737,Madagascar,MDG,2012,2.164,69.28731237
738,Malawi,MWI,2012,1.794,56.52927889
739,Malaysia,MYS,2012,1.626,3838.889621
740,Mali,MLI,2012,2.313,139.8093632
741,Mauritania,MRT,2012,2.296,161.4928194
742,Mauritius,MUS,2012,1.601,15.71574098
743,Mexico,MEX,2012,2.518,5803.346954
744,Moldova,MDA,2012,1.966,31.72826354
745,Mongolia,MNG,2012,1.818,119.1478377
746,Montenegro,MNE,2012,1.949,69.17575029
747,Morocco,MAR,2012,2.071,3420.971507
748,Mozambique,MOZ,2012,1.845,126.948176
749,Myanmar,MMR,2012,2.248,2969.236076
750,Namibia,NAM,2012,1.927,327.4731676
751,Nepal,NPL,2012,2.012,323.6225092
752,Netherlands,NLD,2012,1.505,10727.72449
753,New Zealand,NZL,2012,1.325,1882.347524
754,Nicaragua,NIC,2012,1.93,77.74502749
755,Niger,NER,2012,2.057,143.4658015
756,Nigeria,NGA,2012,2.581,2919.086166
757,North Korea,PRK,2012,2.921,
758,Macedonia,MKD,2012,1.843,
759,Norway,NOR,2012,1.553,5653.210248
760,Oman,OMN,2012,1.888,10144.23364
761,Pakistan,PAK,2012,3.126,7309.541259
762,Palestine,PSE,2012,0,
763,Panama,PAN,2012,1.849,0
764,Papua New Guinea,PNG,2012,1.973,107.6458056
765,Paraguay,PRY,2012,1.954,296.4199775
766,Peru,PER,2012,2.057,2756.28489
767,Philippines,PHL,2012,2.393,3039.629994
768,Poland,POL,2012,1.561,8627.608299
769,Portugal,PRT,2012,1.45,2821.522488
770,Qatar,QAT,2012,1.534,
771,Republic of the Congo,COG,2012,2.056,
772,Romania,ROU,2012,1.628,2161.621907
773,Russia,RUS,2012,2.929,71606.15691
774,Rwanda,RWA,2012,2.056,80.90115632
775,Saudi Arabia,SAU,2012,2.274,67134.58164
776,Senegal,SEN,2012,2.128,192.7680998
777,Serbia,SRB,2012,2.001,961.2216814
778,Sierra Leone,SLE,2012,1.865,31.43767412
779,Singapore,SGP,2012,1.447,9366.308691
780,Slovakia,SVK,2012,1.587,1060.829669
781,Slovenia,SVN,2012,1.386,524.397435
782,Somalia,SOM,2012,3.228,
783,South Africa,ZAF,2012,2.334,3726.9606
784,South Korea,KOR,2012,1.789,
785,S. Sudan,SSD,2012,2.315,
786,Spain,ESP,2012,1.609,18048.95571
787,Sri Lanka,LKA,2012,2.523,1339.905682
788,Sudan,SDN,2012,3.117,
789,Sweden,SWE,2012,1.434,4951.417996
790,Switzerland,CHE,2012,1.411,4632.245044
791,Syria,SYR,2012,2.634,
792,Taiwan,TWN,2012,1.617,11604.57336
793,Tajikistan,TJK,2012,2.177,64.54812394
794,Tanzania,TZA,2012,1.786,392.3499512
795,Thailand,THA,2012,2.415,5410.441309
796,The Gambia,GMB,2012,2.009,
797,Timor-Leste,TLS,2012,1.738,
798,Togo,TGO,2012,1.915,62.85097139
799,Trinidad and Tobago,TTO,2012,2.102,216.5026541
800,Tunisia,TUN,2012,2.036,601.1943818
801,Turkey,TUR,2012,2.375,
802,Turkmenistan,TKM,2012,2.139,
803,Uganda,UGA,2012,2.277,362.3765559
804,Ukraine,UKR,2012,2.071,3550.004558
805,United Arab Emirates,ARE,2012,1.633,22947.24449
806,United Kingdom,GBR,2012,1.746,64095.50376
807,United States of America,USA,2012,2.229,924392.1264
808,Uruguay,URY,2012,1.636,1021.174852
809,Uzbekistan,UZB,2012,2.304,
810,Venezuela,VEN,2012,2.284,0.839386178
811,Vietnam,VNM,2012,1.923,
812,Yemen,YEM,2012,2.609,8103.987554
813,Zambia,ZMB,2012,1.814,309.0668743
814,Zimbabwe,ZWE,2012,2.422,168.9439872
815,Afghanistan,AFG,2013,3.258,183.421702
816,Albania,ALB,2013,1.816,206.1217308
817,Algeria,DZA,2013,2.383,8768.654982
818,Angola,AGO,2013,2.089,6639.35288
819,Argentina,ARG,2013,2.001,4804.26896
820,Armenia,ARM,2013,2.198,543.9515105
821,Australia,AUS,2013,1.451,21939.00135
822,Austria,AUT,2013,1.283,3163.026683
823,Azerbaijan,AZE,2013,2.456,2725.110984
824,Bahrain,BHR,2013,2.152,1523.165818
825,Bangladesh,BGD,2013,2.094,2905.829771
826,Belarus,BLR,2013,2.109,699.8228941
827,Belgium,BEL,2013,1.437,5129.615187
828,Benin,BEN,2013,2.023,72.77461836
829,Bhutan,BTN,2013,1.682,
830,Bolivia,BOL,2013,2.055,715.1014837
831,Bosnia and Herz.,BIH,2013,1.773,
832,Botswana,BWA,2013,1.749,308.0034496
833,Brazil,BRA,2013,2.038,23512.48956
834,Bulgaria,BGR,2013,1.674,823.3628024
835,Burkina Faso,BFA,2013,1.82,160.4836937
836,Burundi,BDI,2013,2.302,83.48340315
837,Cambodia,KHM,2013,2.137,311.5861304
838,Cameroon,CMR,2013,1.921,380.7478868
839,Canada,CAN,2013,1.301,18042.44676
840,Central African Rep.,CAF,2013,2.998,
841,Chad,TCD,2013,2.361,675.5501084
842,Chile,CHL,2013,1.626,4584.888182
843,China,CHN,2013,2.088,179306.6618
844,Colombia,COL,2013,2.596,8310.457666
845,Costa Rica,CRI,2013,1.781,0
846,Côte d'Ivoire,CIV,2013,2.523,
847,Croatia,HRV,2013,1.591,880.8640531
848,Cuba,CUB,2013,2.018,
849,Cyprus,CYP,2013,1.873,327.4227353
850,Czechia,CZE,2013,1.421,2421.695504
851,Dem. Rep. Congo,COD,2013,2.862,
852,Denmark,DNK,2013,1.219,3837.415727
853,Djibouti,DJI,2013,1.968,
854,Dominican Republic,DOM,2013,2.051,409.5960399
855,Ecuador,ECU,2013,2.021,3109.060065
856,Egypt,EGY,2013,2.382,4392.218204
857,El Salvador,SLV,2013,2.129,270.8973756
858,Eq. Guinea,GNQ,2013,1.823,
859,Eritrea,ERI,2013,2.365,
860,Estonia,EST,2013,1.658,514.434471
861,eSwatini,SWZ,2013,2.022,
862,Ethiopia,ETH,2013,2.483,501.4457793
863,Finland,FIN,2013,1.331,3767.933547
864,France,FRA,2013,1.773,46391.71766
865,Gabon,GAB,2013,1.988,280.1662967
866,Georgia,GEO,2013,2.4,405.717041
867,Germany,DEU,2013,1.518,41280.07244
868,Ghana,GHA,2013,1.757,181.249737
869,Greece,GRC,2013,2.026,4817.032934
870,Guatemala,GTM,2013,2.196,361.875097
871,Guinea,GIN,2013,2.184,356.8655411
872,Guinea-Bissau,GNB,2013,2.269,20.19659393
873,Guyana,GUY,2013,1.972,41.21361549
874,Haiti,HTI,2013,1.923,5.805347409
875,Honduras,HND,2013,2.22,316.9025472
876,Hungary,HUN,2013,1.492,1042.138062
877,Iceland,ISL,2013,1.181,0
878,India,IND,2013,2.501,55358.07281
879,Indonesia,IDN,2013,1.69,8240.983916
880,Iran,IRN,2013,2.512,5511.063957
881,Iraq,IRQ,2013,3.077,7278.067335
882,Ireland,IRL,2013,1.395,1059.224061
883,Israel,ISR,2013,2.713,18627.36457
884,Italy,ITA,2013,1.716,26956.79341
885,Jamaica,JAM,2013,2.036,133.332239
886,Japan,JPN,2013,1.367,39279.42167
887,Jordan,JOR,2013,1.911,1685.533647
888,Kazakhstan,KAZ,2013,1.962,1742.461649
889,Kenya,KEN,2013,2.52,1090.500572
890,Kosovo,KSV,2013,1.976,46.9181835
891,Kuwait,KWT,2013,1.614,6596.911027
892,Kyrgyzstan,KGZ,2013,2.387,
893,Laos,LAO,2013,1.77,19.07995536
894,Latvia,LVA,2013,1.596,298.7287118
895,Lebanon,LBN,2013,2.41,1363.27928
896,Lesotho,LSO,2013,1.867,45.49055354
897,Liberia,LBR,2013,1.869,46.17412676
898,Libya,LBY,2013,2.558,3497.961529
899,Lithuania,LTU,2013,1.709,389.1258366
900,Madagascar,MDG,2013,2.101,68.93801175
901,Malawi,MWI,2013,1.77,88.57344014
902,Malaysia,MYS,2013,1.582,4182.92727
903,Mali,MLI,2013,2.424,140.6628156
904,Mauritania,MRT,2013,2.231,159.3291914
905,Mauritius,MUS,2013,1.522,21.59226646
906,Mexico,MEX,2013,2.473,6138.870429
907,Moldova,MDA,2013,1.937,35.27548907
908,Mongolia,MNG,2013,1.87,110.2260851
909,Montenegro,MNE,2013,1.771,62.71505958
910,Morocco,MAR,2013,2.034,3908.272037
911,Mozambique,MOZ,2013,1.891,146.7161594
912,Myanmar,MMR,2013,2.295,3264.971489
913,Namibia,NAM,2013,1.918,345.0408592
914,Nepal,NPL,2013,2.006,354.6833674
915,Netherlands,NLD,2013,1.476,9992.09933
916,New Zealand,NZL,2013,1.335,1838.181044
917,Nicaragua,NIC,2013,1.877,80.97063875
918,Niger,NER,2013,2.009,96.69459634
919,Nigeria,NGA,2013,2.602,2805.97475
920,North Korea,PRK,2013,2.935,
921,Macedonia,MKD,2013,1.911,
922,Norway,NOR,2013,1.516,5784.509698
923,Oman,OMN,2013,1.867,9513.650655
924,Pakistan,PAK,2013,3.194,7560.47513
925,Palestine,PSE,2013,0,
926,Panama,PAN,2013,1.842,0
927,Papua New Guinea,PNG,2013,1.965,104.9612485
928,Paraguay,PRY,2013,2.054,326.0575328
929,Peru,PER,2013,2.083,3177.603893
930,Philippines,PHL,2013,2.35,3469.846842
931,Poland,POL,2013,1.524,8557.751676
932,Portugal,PRT,2013,1.46,2922.024063
933,Qatar,QAT,2013,1.571,
934,Republic of the Congo,COG,2013,2.085,
935,Romania,ROU,2013,1.613,2326.347139
936,Russia,RUS,2013,2.935,75095.79347
937,Rwanda,RWA,2013,2.149,83.1045547
938,Saudi Arabia,SAU,2013,2.175,76920.45709
939,Senegal,SEN,2013,2.098,222.9735798
940,Serbia,SRB,2013,1.968,930.9841965
941,Sierra Leone,SLE,2013,1.82,31.63756171
942,Singapore,SGP,2013,1.464,9335.897652
943,Slovakia,SVK,2013,1.581,960.5339055
944,Slovenia,SVN,2013,1.376,464.9199658
945,Somalia,SOM,2013,3.184,
946,South Africa,ZAF,2013,2.33,3800.562993
947,South Korea,KOR,2013,1.762,
948,S. Sudan,SSD,2013,2.567,
949,Spain,ESP,2013,1.589,15746.21301
950,Sri Lanka,LKA,2013,2.213,1375.967624
951,Sudan,SDN,2013,3.128,
952,Sweden,SWE,2013,1.416,4980.194683
953,Switzerland,CHE,2013,1.394,5029.374754
954,Syria,SYR,2013,2.989,
955,Taiwan,TWN,2013,1.609,10959.3771
956,Tajikistan,TJK,2013,2.244,
957,Tanzania,TZA,2013,1.801,453.227768
958,Thailand,THA,2013,2.375,5376.823931
959,The Gambia,GMB,2013,2.027,
960,Timor-Leste,TLS,2013,1.741,
961,Togo,TGO,2013,1.883,68.73663389
962,Trinidad and Tobago,TTO,2013,2.013,258.0454968
963,Tunisia,TUN,2013,2.044,661.8925975
964,Turkey,TUR,2013,2.487,
965,Turkmenistan,TKM,2013,2.096,
966,Uganda,UGA,2013,2.196,304.2966413
967,Ukraine,UKR,2013,2.191,3774.057997
968,United Arab Emirates,ARE,2013,1.588,28110.22561
969,United Kingdom,GBR,2013,1.743,61752.20532
970,United States of America,USA,2013,2.191,853288.9558
971,Uruguay,URY,2013,1.629,1071.986651
972,Uzbekistan,UZB,2013,2.234,
973,Venezuela,VEN,2013,2.256,0.999467499
974,Vietnam,VNM,2013,1.871,
975,Yemen,YEM,2013,2.547,7456.601841
976,Zambia,ZMB,2013,1.728,333.5122727
977,Zimbabwe,ZWE,2013,2.395,186.3030029
978,Afghanistan,AFG,2014,3.212,223.7219699
979,Albania,ALB,2014,1.81,200.3290352
980,Algeria,DZA,2014,2.293,10098.60135
981,Angola,AGO,2014,2.062,7085.001136
982,Argentina,ARG,2014,1.905,4970.214734
983,Armenia,ARM,2014,2.134,552.3112235
984,Australia,AUS,2014,1.386,23810.95496
985,Austria,AUT,2014,1.265,3188.815042
986,Azerbaijan,AZE,2014,2.389,2735.096224
987,Bahrain,BHR,2014,2.206,1624.448117
988,Bangladesh,BGD,2014,2.012,3105.925214
989,Belarus,BLR,2014,2.08,583.8442479
990,Belgium,BEL,2014,1.401,5046.460516
991,Benin,BEN,2014,2,79.1816227
992,Bhutan,BTN,2014,1.654,
993,Bolivia,BOL,2014,2.015,749.6482335
994,Bosnia and Herz.,BIH,2014,1.721,
995,Botswana,BWA,2014,1.869,356.2831571
996,Brazil,BRA,2014,2.075,23982.668
997,Bulgaria,BGR,2014,1.575,769.5641759
998,Burkina Faso,BFA,2014,1.723,171.7120695
999,Burundi,BDI,2014,2.241,81.25097327
1000,Cambodia,KHM,2014,2.121,343.4079971
1001,Cameroon,CMR,2014,1.999,382.4496228
1002,Canada,CAN,2014,1.283,18336.74861
1003,Central African Rep.,CAF,2014,3.144,
1004,Chad,TCD,2014,2.438,359.1218871
1005,Chile,CHL,2014,1.59,4652.549499
1006,China,CHN,2014,2.091,193619.0609
1007,Colombia,COL,2014,2.61,8195.925731
1008,Costa Rica,CRI,2014,1.757,0
1009,Côte d'Ivoire,CIV,2014,2.376,
1010,Croatia,HRV,2014,1.545,988.4607952
1011,Cuba,CUB,2014,1.987,
1012,Cyprus,CYP,2014,1.93,308.7701817
1013,Czechia,CZE,2014,1.38,2409.778177
1014,Dem. Rep. Congo,COD,2014,3.005,
1015,Denmark,DNK,2014,1.198,3668.781127
1016,Djibouti,DJI,2014,1.942,
1017,Dominican Republic,DOM,2014,2.035,472.8590232
1018,Ecuador,ECU,2014,1.992,3056.949354
1019,Egypt,EGY,2014,2.529,4794.622235
1020,El Salvador,SLV,2014,2.081,263.780497
1021,Eq. Guinea,GNQ,2014,1.846,
1022,Eritrea,ERI,2014,2.372,
1023,Estonia,EST,2014,1.553,550.6447748
1024,eSwatini,SWZ,2014,2.055,
1025,Ethiopia,ETH,2014,2.378,546.9971387
1026,Finland,FIN,2014,1.324,3574.420909
1027,France,FRA,2014,1.712,47199.07524
1028,Gabon,GAB,2014,1.931,197.5428854
1029,Georgia,GEO,2014,2.133,393.0415418
1030,Germany,DEU,2014,1.451,41328.98326
1031,Ghana,GHA,2014,1.745,242.3977954
1032,Greece,GRC,2014,2.017,4777.771688
1033,Guatemala,GTM,2014,2.142,338.7332281
1034,Guinea,GIN,2014,2.212,341.5787488
1035,Guinea-Bissau,GNB,2014,2.399,20.29482578
1036,Guyana,GUY,2014,1.988,45.8848294
1037,Haiti,HTI,2014,2.081,6.923621694
1038,Honduras,HND,2014,2.178,284.2813123
1039,Hungary,HUN,2014,1.471,1026.498303
1040,Iceland,ISL,2014,1.175,0
1041,India,IND,2014,2.493,58055.35989
1042,Indonesia,IDN,2014,1.732,7260.817511
1043,Iran,IRN,2014,2.452,5494.872235
1044,Iraq,IRQ,2014,3.054,6335.150479
1045,Ireland,IRL,2014,1.369,1055.41567
1046,Israel,ISR,2014,2.63,20053.92689
1047,Italy,ITA,2014,1.658,24885.32809
1048,Jamaica,JAM,2014,2.015,128.7237095
1049,Japan,JPN,2014,1.364,39699.94813
1050,Jordan,JOR,2014,1.859,1755.874394
1051,Kazakhstan,KAZ,2014,2.007,1738.976835
1052,Kenya,KEN,2014,2.487,991.3832325
1053,Kosovo,KSV,2014,1.908,51.54241763
1054,Kuwait,KWT,2014,1.59,6583.999427
1055,Kyrgyzstan,KGZ,2014,2.283,
1056,Laos,LAO,2014,1.739,
1057,Latvia,LVA,2014,1.556,309.8127991
1058,Lebanon,LBN,2014,2.561,1569.643235
1059,Lesotho,LSO,2014,1.82,48.27625697
1060,Liberia,LBR,2014,1.846,41.20734102
1061,Libya,LBY,2014,2.481,3236.511746
1062,Lithuania,LTU,2014,1.675,467.898921
1063,Madagascar,MDG,2014,2.054,68.93095307
1064,Malawi,MWI,2014,1.787,65.56706717
1065,Malaysia,MYS,2014,1.558,4215.441732
1066,Mali,MLI,2014,2.514,197.8463877
1067,Mauritania,MRT,2014,2.243,155.611354
1068,Mauritius,MUS,2014,1.517,17.75616966
1069,Mexico,MEX,2014,2.416,6413.144147
1070,Moldova,MDA,2014,1.923,38.62937585
1071,Mongolia,MNG,2014,1.725,119.0062176
1072,Montenegro,MNE,2014,1.793,65.85172594
1073,Morocco,MAR,2014,2.05,3875.234437
1074,Mozambique,MOZ,2014,1.972,164.3909157
1075,Myanmar,MMR,2014,2.229,3288.262752
1076,Namibia,NAM,2014,1.878,507.3884795
1077,Nepal,NPL,2014,1.95,400.8763552
1078,Netherlands,NLD,2014,1.469,10006.00827
1079,New Zealand,NZL,2014,1.318,1834.038372
1080,Nicaragua,NIC,2014,1.86,87.55914272
1081,Niger,NER,2014,1.981,134.0862019
1082,Nigeria,NGA,2014,2.719,2551.358325
1083,North Korea,PRK,2014,2.946,
1084,Macedonia,MKD,2014,1.904,
1085,Norway,NOR,2014,1.542,6035.183731
1086,Oman,OMN,2014,1.904,8823.522171
1087,Pakistan,PAK,2014,3.128,7952.296962
1088,Palestine,PSE,2014,0,
1089,Panama,PAN,2014,1.866,0
1090,Papua New Guinea,PNG,2014,1.969,116.9623773
1091,Paraguay,PRY,2014,1.992,344.067922
1092,Peru,PER,2014,2.029,3142.893875
1093,Philippines,PHL,2014,2.387,3219.00728
1094,Poland,POL,2014,1.482,9520.936824
1095,Portugal,PRT,2014,1.396,2698.813497
1096,Qatar,QAT,2014,1.536,
1097,Republic of the Congo,COG,2014,2.125,
1098,Romania,ROU,2014,1.587,2542.159267
1099,Russia,RUS,2014,3.043,80481.93654
1100,Rwanda,RWA,2014,2.23,94.39442523
1101,Saudi Arabia,SAU,2014,2.056,90665.3968
1102,Senegal,SEN,2014,2.077,228.6097309
1103,Serbia,SRB,2014,1.891,940.1290778
1104,Sierra Leone,SLE,2014,1.818,48.63437347
1105,Singapore,SGP,2014,1.429,9608.718382
1106,Slovakia,SVK,2014,1.53,991.594067
1107,Slovenia,SVN,2014,1.37,445.5182786
1108,Somalia,SOM,2014,3.171,
1109,South Africa,ZAF,2014,2.332,3804.609667
1110,South Korea,KOR,2014,1.774,
1111,S. Sudan,SSD,2014,3.049,
1112,Spain,ESP,2014,1.527,15723.0617
1113,Sri Lanka,LKA,2014,2.11,1613.423674
1114,Sudan,SDN,2014,3.182,
1115,Sweden,SWE,2014,1.389,5276.343375
1116,Switzerland,CHE,2014,1.378,4556.686853
1117,Syria,SYR,2014,3.278,
1118,Taiwan,TWN,2014,1.606,10895.81478
1119,Tajikistan,TJK,2014,2.261,82.5146714
1120,Tanzania,TZA,2014,1.811,504.9468782
1121,Thailand,THA,2014,2.378,5605.026651
1122,The Gambia,GMB,2014,2.055,
1123,Timor-Leste,TLS,2014,1.785,
1124,Togo,TGO,2014,1.926,78.76480028
1125,Trinidad and Tobago,TTO,2014,2.01,217.256874
1126,Tunisia,TUN,2014,2.038,790.7746494
1127,Turkey,TUR,2014,2.44,
1128,Turkmenistan,TKM,2014,2.063,
1129,Uganda,UGA,2014,2.215,321.9872751
1130,Ukraine,UKR,2014,2.433,4522.901202
1131,United Arab Emirates,ARE,2014,1.624,26526.22498
1132,United Kingdom,GBR,2014,1.736,60648.08086
1133,United States of America,USA,2014,2.172,800801.3245
1134,Uruguay,URY,2014,1.642,1106.153896
1135,Uzbekistan,UZB,2014,2.142,
1136,Venezuela,VEN,2014,2.333,0.596745811
1137,Vietnam,VNM,2014,1.832,
1138,Yemen,YEM,2014,2.611,7174.020509
1139,Zambia,ZMB,2014,1.81,410.3489761
1140,Zimbabwe,ZWE,2014,2.26,192.6661621
1141,Afghanistan,AFG,2015,3.316,178.9138711
1142,Albania,ALB,2015,1.806,174.4484528
1143,Algeria,DZA,2015,2.263,10565.03024
1144,Angola,AGO,2015,1.957,4170.569003
1145,Argentina,ARG,2015,1.984,4922.148481
1146,Armenia,ARM,2015,2.157,597.8750373
1147,Australia,AUS,2015,1.359,26247.04476
1148,Austria,AUT,2015,1.233,3049.091223
1149,Azerbaijan,AZE,2015,2.394,2906.68407
1150,Bahrain,BHR,2015,2.114,1559.021167
1151,Bangladesh,BGD,2015,1.998,3508.67775
1152,Belarus,BLR,2015,2.127,626.492895
1153,Belgium,BEL,2015,1.392,4859.260706
1154,Benin,BEN,2015,1.886,92.38624053
1155,Bhutan,BTN,2015,1.627,
1156,Bolivia,BOL,2015,2.02,668.2726351
1157,Bosnia and Herz.,BIH,2015,1.781,
1158,Botswana,BWA,2015,1.753,432.1708853
1159,Brazil,BRA,2015,2.156,23426.88926
1160,Bulgaria,BGR,2015,1.643,780.1571571
1161,Burkina Faso,BFA,2015,1.856,170.2856615
1162,Burundi,BDI,2015,2.313,83.25438753
1163,Cambodia,KHM,2015,2.04,399.8568767
1164,Cameroon,CMR,2015,2.204,392.5987871
1165,Canada,CAN,2015,1.31,21067.29493
1166,Central African Rep.,CAF,2015,3.24,
1167,Chad,TCD,2015,2.454,231.7983792
1168,Chile,CHL,2015,1.612,4640.561703
1169,China,CHN,2015,2.116,208818.9061
1170,Colombia,COL,2015,2.67,8238.51192
1171,Costa Rica,CRI,2015,1.698,0
1172,Côte d'Ivoire,CIV,2015,2.189,
1173,Croatia,HRV,2015,1.557,983.9762587
1174,Cuba,CUB,2015,1.993,
1175,Cyprus,CYP,2015,1.89,345.7538881
1176,Czechia,CZE,2015,1.392,2504.927895
1177,Dem. Rep. Congo,COD,2015,3.068,
1178,Denmark,DNK,2015,1.219,3630.456471
1179,Djibouti,DJI,2015,2.082,
1180,Dominican Republic,DOM,2015,2.039,507.6900821
1181,Ecuador,ECU,2015,1.967,2740.876255
1182,Egypt,EGY,2015,2.4,5082.991817
1183,El Salvador,SLV,2015,2.174,281.4015609
1184,Eq. Guinea,GNQ,2015,1.812,
1185,Eritrea,ERI,2015,2.369,
1186,Estonia,EST,2015,1.619,599.2443182
1187,eSwatini,SWZ,2015,2.057,
1188,Ethiopia,ETH,2015,2.3,560.7457696
1189,Finland,FIN,2015,1.331,3654.602997
1190,France,FRA,2015,1.703,48490.26313
1191,Gabon,GAB,2015,1.976,194.1075929
1192,Georgia,GEO,2015,2.005,350.0080508
1193,Germany,DEU,2015,1.43,42038.60915
1194,Ghana,GHA,2015,1.707,193.8728177
1195,Greece,GRC,2015,1.9,5066.732174
1196,Guatemala,GTM,2015,2.08,336.5604096
1197,Guinea,GIN,2015,2.196,366.6353198
1198,Guinea-Bissau,GNB,2015,2.136,18.98401895
1199,Guyana,GUY,2015,2.033,54.79863251
1200,Haiti,HTI,2015,2.04,7.77621791
1201,Honduras,HND,2015,2.137,346.7946586
1202,Hungary,HUN,2015,1.489,1154.649897
1203,Iceland,ISL,2015,1.153,0
1204,India,IND,2015,2.485,58606.92885
1205,Indonesia,IDN,2015,1.734,8443.526727
1206,Iran,IRN,2015,2.511,5842.485803
1207,Iraq,IRQ,2015,3.238,8677.04295
1208,Ireland,IRL,2015,1.382,1058.483994
1209,Israel,ISR,2015,2.633,20335.14527
1210,Italy,ITA,2015,1.658,23828.8403
1211,Jamaica,JAM,2015,1.987,133.5571259
1212,Japan,JPN,2015,1.365,40397.42151
1213,Jordan,JOR,2015,1.939,1846.953957
1214,Kazakhstan,KAZ,2015,1.979,1789.666353
1215,Kenya,KEN,2015,2.441,1069.89161
1216,Kosovo,KSV,2015,1.922,57.83791896
1217,Kuwait,KWT,2015,1.655,6631.44946
1218,Kyrgyzstan,KGZ,2015,2.184,
1219,Laos,LAO,2015,1.74,
1220,Latvia,LVA,2015,1.609,353.7054241
1221,Lebanon,LBN,2015,2.577,1608.764067
1222,Lesotho,LSO,2015,1.87,50.75803449
1223,Liberia,LBR,2015,1.92,38.56078581
1224,Libya,LBY,2015,2.864,
1225,Lithuania,LTU,2015,1.691,623.3799052
1226,Madagascar,MDG,2015,1.99,65.94277906
1227,Malawi,MWI,2015,1.731,51.98468111
1228,Malaysia,MYS,2015,1.61,4538.852469
1229,Mali,MLI,2015,2.589,330.67819
1230,Mauritania,MRT,2015,2.203,148.3381723
1231,Mauritius,MUS,2015,1.522,17.36825506
1232,Mexico,MEX,2015,2.398,6023.130689
1233,Moldova,MDA,2015,1.903,39.49080207
1234,Mongolia,MNG,2015,1.708,118.0600624
1235,Montenegro,MNE,2015,1.801,65.34293417
1236,Morocco,MAR,2015,2.057,3577.909489
1237,Mozambique,MOZ,2015,1.976,157.939363
1238,Myanmar,MMR,2015,2.297,3816.696153
1239,Namibia,NAM,2015,1.913,556.2641038
1240,Nepal,NPL,2015,1.863,384.9788767
1241,Netherlands,NLD,2015,1.453,9981.81003
1242,New Zealand,NZL,2015,1.291,1891.840633
1243,Nicaragua,NIC,2015,1.948,107.4553381
1244,Niger,NER,2015,2.237,
1245,Nigeria,NGA,2015,2.767,2488.768491
1246,North Korea,PRK,2015,2.954,
1247,Macedonia,MKD,2015,1.891,
1248,Norway,NOR,2015,1.463,5991.258822
1249,Oman,OMN,2015,1.973,8087.767678
1250,Pakistan,PAK,2015,3.097,8638.293422
1251,Palestine,PSE,2015,0,
1252,Panama,PAN,2015,1.913,0
1253,Papua New Guinea,PNG,2015,1.992,110.2662858
1254,Paraguay,PRY,2015,2.051,377.601756
1255,Peru,PER,2015,2.037,3509.682623
1256,Philippines,PHL,2015,2.402,3522.686736
1257,Poland,POL,2015,1.491,11330.45664
1258,Portugal,PRT,2015,1.366,2829.310642
1259,Qatar,QAT,2015,1.628,
1260,Republic of the Congo,COG,2015,2.163,
1261,Romania,ROU,2015,1.581,2932.634412
1262,Russia,RUS,2015,3.065,86743.29143
1263,Rwanda,RWA,2015,2.2,110.8630455
1264,Saudi Arabia,SAU,2015,2.07,96710.10719
1265,Senegal,SEN,2015,1.986,244.5718232
1266,Serbia,SRB,2015,1.838,904.8196899
1267,Sierra Leone,SLE,2015,1.801,41.13957112
1268,Singapore,SGP,2015,1.391,10248.4326
1269,Slovakia,SVK,2015,1.518,1176.068325
1270,Slovenia,SVN,2015,1.354,441.6586285
1271,Somalia,SOM,2015,3.133,
1272,South Africa,ZAF,2015,2.39,3834.9595
1273,South Korea,KOR,2015,1.789,
1274,S. Sudan,SSD,2015,3.266,
1275,Spain,ESP,2015,1.504,16712.90058
1276,Sri Lanka,LKA,2015,2.119,1738.923871
1277,Sudan,SDN,2015,3.13,3111.237456
1278,Sweden,SWE,2015,1.375,5333.037789
1279,Switzerland,CHE,2015,1.364,4745.755278
1280,Syria,SYR,2015,3.359,
1281,Taiwan,TWN,2015,1.729,11483.48717
1282,Tajikistan,TJK,2015,2.127,94.05766187
1283,Tanzania,TZA,2015,1.861,586.883296
1284,Thailand,THA,2015,2.353,5805.023992
1285,The Gambia,GMB,2015,2.083,
1286,Timor-Leste,TLS,2015,1.813,
1287,Togo,TGO,2015,1.867,77.36405823
1288,Trinidad and Tobago,TTO,2015,2.031,221.0138
1289,Tunisia,TUN,2015,1.944,943.4134326
1290,Turkey,TUR,2015,2.49,
1291,Turkmenistan,TKM,2015,2.124,
1292,Uganda,UGA,2015,2.163,357.3245859
1293,Ukraine,UKR,2015,2.712,4942.362349
1294,United Arab Emirates,ARE,2015,1.71,
1295,United Kingdom,GBR,2015,1.705,58316.71578
1296,United States of America,USA,2015,2.175,782616.2688
1297,Uruguay,URY,2015,1.662,1121.940018
1298,Uzbekistan,UZB,2015,2.141,
1299,Venezuela,VEN,2015,2.448,0.453787407
1300,Vietnam,VNM,2015,1.932,
1301,Yemen,YEM,2015,2.738,
1302,Zambia,ZMB,2015,1.816,438.9839957
1303,Zimbabwe,ZWE,2015,2.162,202.0249703
1304,Afghanistan,AFG,2016,3.362,177.2400563
1305,Albania,ALB,2016,1.761,167.9015605
1306,Algeria,DZA,2016,2.238,10596.56411
1307,Angola,AGO,2016,1.974,3331.954433
1308,Argentina,ARG,2016,1.981,4788.690234
1309,Armenia,ARM,2016,2.105,587.8354849
1310,Australia,AUS,2016,1.388,28741.68244
1311,Austria,AUT,2016,1.22,3281.431409
1312,Azerbaijan,AZE,2016,2.38,1938.721735
1313,Bahrain,BHR,2016,2.191,1583.557213
1314,Bangladesh,BGD,2016,2.006,3856.201581
1315,Belarus,BLR,2016,2.057,791.8230293
1316,Belgium,BEL,2016,1.386,4839.403461
1317,Benin,BEN,2016,1.932,81.73888777
1318,Bhutan,BTN,2016,1.555,
1319,Bolivia,BOL,2016,1.923,576.9751055
1320,Bosnia and Herz.,BIH,2016,1.763,
1321,Botswana,BWA,2016,1.716,606.6147863
1322,Brazil,BRA,2016,2.158,22237.62094
1323,Bulgaria,BGR,2016,1.597,835.7665948
1324,Burkina Faso,BFA,2016,2.013,171.7255526
1325,Burundi,BDI,2016,2.529,83.30427189
1326,Cambodia,KHM,2016,2.005,455.2807211
1327,Cameroon,CMR,2016,2.359,427.2743901
1328,Canada,CAN,2016,1.308,21346.73883
1329,Central African Rep.,CAF,2016,3.215,
1330,Chad,TCD,2016,2.414,328.253998
1331,Chile,CHL,2016,1.582,4793.356927
1332,China,CHN,2016,2.099,220839.6455
1333,Colombia,COL,2016,2.616,8122.765796
1334,Costa Rica,CRI,2016,1.689,0
1335,Côte d'Ivoire,CIV,2016,2.226,
1336,Croatia,HRV,2016,1.557,935.8592352
1337,Cuba,CUB,2016,1.975,
1338,Cyprus,CYP,2016,1.9,316.8362879
1339,Czechia,CZE,2016,1.335,2715.218623
1340,Dem. Rep. Congo,COD,2016,3.001,
1341,Denmark,DNK,2016,1.209,3870.531423
1342,Djibouti,DJI,2016,2.153,
1343,Dominican Republic,DOM,2016,2.035,535.3768148
1344,Ecuador,ECU,2016,1.958,2606.859442
1345,Egypt,EGY,2016,2.412,4788.783523
1346,El Salvador,SLV,2016,2.141,279.5990397
1347,Eq. Guinea,GNQ,2016,1.778,
1348,Eritrea,ERI,2016,2.408,
1349,Estonia,EST,2016,1.598,644.16171
1350,eSwatini,SWZ,2016,2.013,
1351,Ethiopia,ETH,2016,2.285,615.6624783
1352,Finland,FIN,2016,1.348,3668.94088
1353,France,FRA,2016,1.744,50370.30537
1354,Gabon,GAB,2016,1.986,226.9505511
1355,Georgia,GEO,2016,1.992,376.1074345
1356,Germany,DEU,2016,1.436,43862.88953
1357,Ghana,GHA,2016,1.728,146.4809082
1358,Greece,GRC,2016,1.91,5277.898121
1359,Guatemala,GTM,2016,2.155,368.7136575
1360,Guinea,GIN,2016,2.166,296.685908
1361,Guinea-Bissau,GNB,2016,2.135,17.3178775
1362,Guyana,GUY,2016,2.06,60.55418107
1363,Haiti,HTI,2016,2.007,10.0675084
1364,Honduras,HND,2016,2.2,412.0169719
1365,Hungary,HUN,2016,1.456,1319.024173
1366,Iceland,ISL,2016,1.152,0
1367,India,IND,2016,2.52,64584.08171
1368,Indonesia,IDN,2016,1.747,7879.748293
1369,Iran,IRN,2016,2.359,6707.372346
1370,Iraq,IRQ,2016,3.394,5431.368205
1371,Ireland,IRL,2016,1.381,1066.284015
1372,Israel,ISR,2016,2.741,21412.68634
1373,Italy,ITA,2016,1.644,26994.18175
1374,Jamaica,JAM,2016,1.964,151.5440512
1375,Japan,JPN,2016,1.38,40157.382
1376,Jordan,JOR,2016,1.936,2039.536109
1377,Kazakhstan,KAZ,2016,1.957,1510.055374
1378,Kenya,KEN,2016,2.439,1151.009839
1379,Kosovo,KSV,2016,1.932,60.10076427
1380,Kuwait,KWT,2016,1.702,7251.835119
1381,Kyrgyzstan,KGZ,2016,2.136,
1382,Laos,LAO,2016,1.814,
1383,Latvia,LVA,2016,1.562,509.7900309
1384,Lebanon,LBN,2016,2.632,1887.839814
1385,Lesotho,LSO,2016,1.938,51.77851934
1386,Liberia,LBR,2016,1.939,34.09911133
1387,Libya,LBY,2016,3.079,
1388,Lithuania,LTU,2016,1.701,835.4428423
1389,Madagascar,MDG,2016,1.903,67.8836302
1390,Malawi,MWI,2016,1.864,52.79811279
1391,Malaysia,MYS,2016,1.668,4345.435313
1392,Mali,MLI,2016,2.52,395.847362
1393,Mauritania,MRT,2016,2.16,163.8541884
1394,Mauritius,MUS,2016,1.542,22.45488068
1395,Mexico,MEX,2016,2.416,6735.127277
1396,Moldova,MDA,2016,1.922,46.84425624
1397,Mongolia,MNG,2016,1.778,120.8842178
1398,Montenegro,MNE,2016,1.745,71.27595711
1399,Morocco,MAR,2016,2.05,3599.711151
1400,Mozambique,MOZ,2016,1.977,172.9393746
1401,Myanmar,MMR,2016,2.122,3650.545651
1402,Namibia,NAM,2016,1.869,493.6772723
1403,Nepal,NPL,2016,1.965,408.998631
1404,Netherlands,NLD,2016,1.443,10493.40552
1405,New Zealand,NZL,2016,1.269,2087.061223
1406,Nicaragua,NIC,2016,1.896,93.65947023
1407,Niger,NER,2016,2.194,181.673162
1408,Nigeria,NGA,2016,2.787,2403.300446
1409,North Korea,PRK,2016,2.922,
1410,Macedonia,MKD,2016,1.989,
1411,Norway,NOR,2016,1.465,6218.066809
1412,Oman,OMN,2016,1.927,8426.31169
1413,Pakistan,PAK,2016,3.086,8933.85691
1414,Palestine,PSE,2016,2.789,
1415,Panama,PAN,2016,1.835,0
1416,Papua New Guinea,PNG,2016,1.983,92.63460154
1417,Paraguay,PRY,2016,2.009,350.9110266
1418,Peru,PER,2016,2.028,2750.99636
1419,Philippines,PHL,2016,2.403,3626.802018
1420,Poland,POL,2016,1.499,10702.86237
1421,Portugal,PRT,2016,1.286,3390.246161
1422,Qatar,QAT,2016,1.579,
1423,Republic of the Congo,COG,2016,2.245,
1424,Romania,ROU,2016,1.592,3094.198251
1425,Russia,RUS,2016,3.006,92992.4755
1426,Rwanda,RWA,2016,2.133,117.6710571
1427,Saudi Arabia,SAU,2016,2.153,69196.88482
1428,Senegal,SEN,2016,1.959,345.0683973
1429,Serbia,SRB,2016,1.779,896.2299644
1430,Sierra Leone,SLE,2016,1.762,50.47635364
1431,Singapore,SGP,2016,1.39,10896.35909
1432,Slovakia,SVK,2016,1.568,1206.15285
1433,Slovenia,SVN,2016,1.321,496.6722601
1434,Somalia,SOM,2016,3.156,
1435,South Africa,ZAF,2016,2.29,3736.179719
1436,South Korea,KOR,2016,1.779,
1437,S. Sudan,SSD,2016,3.299,
1438,Spain,ESP,2016,1.513,15497.26215
1439,Sri Lanka,LKA,2016,2.002,1517.377921
1440,Sudan,SDN,2016,3.096,3260.428887
1441,Sweden,SWE,2016,1.422,5403.443496
1442,Switzerland,CHE,2016,1.357,4936.271998
1443,Syria,SYR,2016,3.362,
1444,Taiwan,TWN,2016,1.702,11286.09416
1445,Tajikistan,TJK,2016,2.094,94.73146319
1446,Tanzania,TZA,2016,1.856,642.2480601
1447,Thailand,THA,2016,2.21,6104.202239
1448,The Gambia,GMB,2016,2.058,
1449,Timor-Leste,TLS,2016,1.785,
1450,Togo,TGO,2016,1.889,89.7845184
1451,Trinidad and Tobago,TTO,2016,1.995,239.6333761
1452,Tunisia,TUN,2016,1.878,1004.52727
1453,Turkey,TUR,2016,2.539,
1454,Turkmenistan,TKM,2016,2.139,
1455,Uganda,UGA,2016,2.078,370.986123
1456,Ukraine,UKR,2016,3.007,4962.116028
1457,United Arab Emirates,ARE,2016,1.721,
1458,United Kingdom,GBR,2016,1.686,58113.41132
1459,United States of America,USA,2016,2.139,780214.7603
1460,Uruguay,URY,2016,1.658,1149.47022
1461,Uzbekistan,UZB,2016,2.088,
1462,Venezuela,VEN,2016,2.515,0.243075
1463,Vietnam,VNM,2016,1.871,
1464,Yemen,YEM,2016,2.974,
1465,Zambia,ZMB,2016,1.782,357.7895409
1466,Zimbabwe,ZWE,2016,2.146,195.0981705
1467,Afghanistan,AFG,2017,3.412,174.272685
1468,Albania,ALB,2017,1.774,174.2453468
1469,Algeria,DZA,2017,2.206,10035.46938
1470,Angola,AGO,2017,1.938,2882.802335
1471,Argentina,ARG,2017,1.936,5191.860537
1472,Armenia,ARM,2017,2.177,601.706741
1473,Australia,AUS,2017,1.414,28690.27593
1474,Austria,AUT,2017,1.298,3445.492585
1475,Azerbaijan,AZE,2017,2.434,2034.98655
1476,Bahrain,BHR,2017,2.291,1590.093763
1477,Bangladesh,BGD,2017,1.969,3757.270384
1478,Belarus,BLR,2017,1.991,749.1175049
1479,Belgium,BEL,2017,1.456,4842.473051
1480,Benin,BEN,2017,1.989,115.570255
1481,Bhutan,BTN,2017,1.58,
1482,Bolivia,BOL,2017,1.958,622.5306522
1483,Bosnia and Herz.,BIH,2017,1.874,
1484,Botswana,BWA,2017,1.73,566.8646676
1485,Brazil,BRA,2017,2.235,23687.18895
1486,Bulgaria,BGR,2017,1.589,866.5261815
1487,Burkina Faso,BFA,2017,2.021,213.2724052
1488,Burundi,BDI,2017,2.531,71.78151832
1489,Cambodia,KHM,2017,1.916,529.4962786
1490,Cameroon,CMR,2017,2.455,440.9775995
1491,Canada,CAN,2017,1.314,25786.085
1492,Central African Rep.,CAF,2017,3.166,
1493,Chad,TCD,2017,2.523,233.5573012
1494,Chile,CHL,2017,1.583,5026.789071
1495,China,CHN,2017,2.121,234421.6269
1496,Colombia,COL,2017,2.689,8667.924045
1497,Costa Rica,CRI,2017,1.701,0
1498,Côte d'Ivoire,CIV,2017,2.22,
1499,Croatia,HRV,2017,1.568,994.2936393
1500,Cuba,CUB,2017,1.978,
1501,Cyprus,CYP,2017,1.901,375.8888687
1502,Czechia,CZE,2017,1.32,2711.794303
1503,Dem. Rep. Congo,COD,2017,2.963,
1504,Denmark,DNK,2017,1.31,3948.599952
1505,Djibouti,DJI,2017,2.111,
1506,Dominican Republic,DOM,2017,2.027,593.812372
1507,Ecuador,ECU,2017,1.846,2543.861021
1508,Egypt,EGY,2017,2.419,4040.789076
1509,El Salvador,SLV,2017,2.173,291.6652051
1510,Eq. Guinea,GNQ,2017,1.793,
1511,Eritrea,ERI,2017,2.464,
1512,Estonia,EST,2017,1.588,663.0174848
1513,eSwatini,SWZ,2017,1.948,
1514,Ethiopia,ETH,2017,2.402,642.2538823
1515,Finland,FIN,2017,1.435,3606.106439
1516,France,FRA,2017,1.871,51033.02602
1517,Gabon,GAB,2017,2.007,288.5899105
1518,Georgia,GEO,2017,1.994,381.7661327
1519,Germany,DEU,2017,1.465,45120.98357
1520,Ghana,GHA,2017,1.76,167.396016
1521,Greece,GRC,2017,1.911,5273.683563
1522,Guatemala,GTM,2017,2.207,322.7047186
1523,Guinea,GIN,2017,2.056,310.9501619
1524,Guinea-Bissau,GNB,2017,2.177,20.38646865
1525,Guyana,GUY,2017,1.985,68.35229438
1526,Haiti,HTI,2017,1.95,9.424222486
1527,Honduras,HND,2017,2.149,450.9044819
1528,Hungary,HUN,2017,1.479,1665.185642
1529,Iceland,ISL,2017,1.097,0
1530,India,IND,2017,2.526,69133.65013
1531,Indonesia,IDN,2017,1.765,9083.9788
1532,Iran,IRN,2017,2.371,7546.687368
1533,Iraq,IRQ,2017,3.421,6746.047202
1534,Ireland,IRL,2017,1.375,1071.93444
1535,Israel,ISR,2017,2.786,22325.92298
1536,Italy,ITA,2017,1.653,27769.83555
1537,Jamaica,JAM,2017,1.942,159.2829239
1538,Japan,JPN,2017,1.347,39891.73017
1539,Jordan,JOR,2017,1.966,2163.885545
1540,Kazakhstan,KAZ,2017,1.948,1449.959442
1541,Kenya,KEN,2017,2.426,1181.2223
1542,Kosovo,KSV,2017,1.885,64.35678532
1543,Kuwait,KWT,2017,1.837,7479.411488
1544,Kyrgyzstan,KGZ,2017,2.103,
1545,Laos,LAO,2017,1.766,
1546,Latvia,LVA,2017,1.557,578.8772757
1547,Lebanon,LBN,2017,2.716,1715.384273
1548,Lesotho,LSO,2017,2.012,56.64334884
1549,Liberia,LBR,2017,1.978,25.01441752
1550,Libya,LBY,2017,3.218,
1551,Lithuania,LTU,2017,1.704,1014.600557
1552,Madagascar,MDG,2017,1.944,68.84177598
1553,Malawi,MWI,2017,1.823,65.29624842
1554,Malaysia,MYS,2017,1.679,3651.480449
1555,Mali,MLI,2017,2.648,489.0057301
1556,Mauritania,MRT,2017,2.241,171.0207482
1557,Mauritius,MUS,2017,1.534,21.66058757
1558,Mexico,MEX,2017,2.51,6102.399308
1559,Moldova,MDA,2017,1.887,45.87575192
1560,Mongolia,MNG,2017,1.75,119.6768164
1561,Montenegro,MNE,2017,1.792,73.08951486
1562,Morocco,MAR,2017,1.932,3705.59815
1563,Mozambique,MOZ,2017,2.06,174.706606
1564,Myanmar,MMR,2017,2.096,3464.454523
1565,Namibia,NAM,2017,1.834,448.8087801
1566,Nepal,NPL,2017,1.98,470.5929599
1567,Netherlands,NLD,2017,1.451,10722.74953
1568,New Zealand,NZL,2017,1.278,2235.577093
1569,Nicaragua,NIC,2017,1.927,96.20233487
1570,Niger,NER,2017,2.389,210.7355724
1571,Nigeria,NGA,2017,2.756,2298.57098
1572,North Korea,PRK,2017,2.946,
1573,Macedonia,MKD,2017,2.013,
1574,Norway,NOR,2017,1.46,6862.618827
1575,Oman,OMN,2017,1.888,7109.447394
1576,Pakistan,PAK,2017,3.011,9792.526263
1577,Palestine,PSE,2017,2.744,
1578,Panama,PAN,2017,1.82,0
1579,Papua New Guinea,PNG,2017,1.949,91.31125975
1580,Paraguay,PRY,2017,1.98,340.4363307
1581,Peru,PER,2017,2.001,2715.656191
1582,Philippines,PHL,2017,2.459,4309.631951
1583,Poland,POL,2017,1.595,10944.68392
1584,Portugal,PRT,2017,1.259,2820.808318
1585,Qatar,QAT,2017,1.532,
1586,Republic of the Congo,COG,2017,2.264,
1587,Romania,ROU,2017,1.56,4198.377469
1588,Russia,RUS,2017,2.975,75353.78432
1589,Rwanda,RWA,2017,2.037,122.9424844
1590,Saudi Arabia,SAU,2017,2.338,77154.4232
1591,Senegal,SEN,2017,1.927,337.899945
1592,Serbia,SRB,2017,1.782,1000.714322
1593,Sierra Leone,SLE,2017,1.757,45.82815645
1594,Singapore,SGP,2017,1.396,11186.44947
1595,Slovakia,SVK,2017,1.596,1227.286661
1596,Slovenia,SVN,2017,1.313,509.0977322
1597,Somalia,SOM,2017,3.103,
1598,South Africa,ZAF,2017,2.292,3682.586672
1599,South Korea,KOR,2017,1.799,
1600,S. Sudan,SSD,2017,3.239,
1601,Spain,ESP,2017,1.487,17150.86216
1602,Sri Lanka,LKA,2017,1.87,1580.004979
1603,Sudan,SDN,2017,3.062,4232.395433
1604,Sweden,SWE,2017,1.504,5403.18311
1605,Switzerland,CHE,2017,1.354,4965.635959
1606,Syria,SYR,2017,3.405,
1607,Taiwan,TWN,2017,1.72,11436.04805
1608,Tajikistan,TJK,2017,2.07,87.86423428
1609,Tanzania,TZA,2017,1.809,645.0859012
1610,Thailand,THA,2017,2.224,6415.284396
1611,The Gambia,GMB,2017,2.195,
1612,Timor-Leste,TLS,2017,1.778,
1613,Togo,TGO,2017,1.868,96.75865414
1614,Trinidad and Tobago,TTO,2017,2.014,223.184026
1615,Tunisia,TUN,2017,1.956,932.551601
1616,Turkey,TUR,2017,2.67,
1617,Turkmenistan,TKM,2017,2.207,
1618,Uganda,UGA,2017,2.083,405.4237329
1619,Ukraine,UKR,2017,2.999,4790.980795
1620,United Arab Emirates,ARE,2017,1.815,
1621,United Kingdom,GBR,2017,1.683,58219.58414
1622,United States of America,USA,2017,2.248,772175.8555
1623,Uruguay,URY,2017,1.637,1214.259474
1624,Uzbekistan,UZB,2017,2.033,
1625,Venezuela,VEN,2017,2.525,1.859726669
1626,Vietnam,VNM,2017,1.882,
1627,Yemen,YEM,2017,3.112,
1628,Zambia,ZMB,2017,1.773,348.3103672
1629,Zimbabwe,ZWE,2017,2.165,181.091241
1630,Afghanistan,AFG,2018,3.513,190.3353144
1631,Albania,ALB,2018,1.714,188.6156233
1632,Algeria,DZA,2018,2.212,9624.504002
1633,Angola,AGO,2018,1.972,2376.791945
1634,Argentina,ARG,2018,1.914,4619.702096
1635,Armenia,ARM,2018,2.228,679.1834519
1636,Australia,AUS,2018,1.422,28005.26473
1637,Austria,AUT,2018,1.263,3466.510136
1638,Azerbaijan,AZE,2018,2.413,2140.923929
1639,Bahrain,BHR,2018,2.272,1552.441545
1640,Bangladesh,BGD,2018,2.022,4136.843892
1641,Belarus,BLR,2018,2.019,926.2149204
1642,Belgium,BEL,2018,1.53,4948.255195
1643,Benin,BEN,2018,1.899,84.78885137
1644,Bhutan,BTN,2018,1.494,
1645,Bolivia,BOL,2018,1.969,636.9800372
1646,Bosnia and Herz.,BIH,2018,1.903,
1647,Botswana,BWA,2018,1.775,515.3508948
1648,Brazil,BRA,2018,2.213,25258.96538
1649,Bulgaria,BGR,2018,1.58,1069.791597
1650,Burkina Faso,BFA,2018,2.041,318.2425365
1651,Burundi,BDI,2018,2.481,78.25108061
1652,Cambodia,KHM,2018,2.003,611.7523678
1653,Cameroon,CMR,2018,2.554,436.8570988
1654,Canada,CAN,2018,1.316,25667.01814
1655,Central African Rep.,CAF,2018,3.164,
1656,Chad,TCD,2018,2.441,244.9812748
1657,Chile,CHL,2018,1.628,5016.008023
1658,China,CHN,2018,2.065,248153.1606
1659,Colombia,COL,2018,2.69,8518.790575
1660,Costa Rica,CRI,2018,1.748,0
1661,Côte d'Ivoire,CIV,2018,2.221,
1662,Croatia,HRV,2018,1.556,971.2750527
1663,Cuba,CUB,2018,1.961,
1664,Cyprus,CYP,2018,1.848,443.9572856
1665,Czechia,CZE,2018,1.337,3197.772535
1666,Dem. Rep. Congo,COD,2018,3.109,
1667,Denmark,DNK,2018,1.302,4517.086417
1668,Djibouti,DJI,2018,2.172,
1669,Dominican Republic,DOM,2018,2.041,665.472542
1670,Ecuador,ECU,2018,1.908,2639.333147
1671,Egypt,EGY,2018,2.479,3970.294179
1672,El Salvador,SLV,2018,2.197,325.7979991
1673,Eq. Guinea,GNQ,2018,1.83,
1674,Eritrea,ERI,2018,2.592,
1675,Estonia,EST,2018,1.598,697.1947393
1676,eSwatini,SWZ,2018,1.971,
1677,Ethiopia,ETH,2018,2.468,647.7416541
1678,Finland,FIN,2018,1.44,3710.932711
1679,France,FRA,2018,1.899,49774.04467
1680,Gabon,GAB,2018,2.052,254.6978203
1681,Georgia,GEO,2018,1.986,392.0538748
1682,Germany,DEU,2018,1.509,46366.15424
1683,Ghana,GHA,2018,1.747,190.0072919
1684,Greece,GRC,2018,1.93,5636.947099
1685,Guatemala,GTM,2018,2.181,316.083083
1686,Guinea,GIN,2018,2.072,305.0768277
1687,Guinea-Bissau,GNB,2018,2.178,21.42109142
1688,Guyana,GUY,2018,2.035,70.49485876
1689,Haiti,HTI,2018,1.97,12.81327409
1690,Honduras,HND,2018,2.2,428.6574975
1691,Hungary,HUN,2018,1.514,1507.600889
1692,Iceland,ISL,2018,1.112,0
1693,India,IND,2018,2.499,71568.22018
1694,Indonesia,IDN,2018,1.746,7986.570174
1695,Iran,IRN,2018,2.486,6384.638921
1696,Iraq,IRQ,2018,3.312,5730.86764
1697,Ireland,IRL,2018,1.332,1095.214461
1698,Israel,ISR,2018,2.731,22602.38635
1699,Italy,ITA,2018,1.705,28047.33674
1700,Jamaica,JAM,2018,1.954,224.9074096
1701,Japan,JPN,2018,1.352,41899.82809
1702,Jordan,JOR,2018,2.041,2090.70348
1703,Kazakhstan,KAZ,2018,1.939,1561.746733
1704,Kenya,KEN,2018,2.401,1211.954481
1705,Kosovo,KSV,2018,1.943,66.9687809
1706,Kuwait,KWT,2018,1.839,7849.472647
1707,Kyrgyzstan,KGZ,2018,2.088,
1708,Laos,LAO,2018,1.78,
1709,Latvia,LVA,2018,1.562,789.0830118
1710,Lebanon,LBN,2018,2.678,1838.842208
1711,Lesotho,LSO,2018,2.09,52.40421339
1712,Liberia,LBR,2018,1.892,20.08520754
1713,Libya,LBY,2018,3.113,
1714,Lithuania,LTU,2018,1.687,1221.624889
1715,Madagascar,MDG,2018,1.891,74.46898791
1716,Malawi,MWI,2018,1.825,71.5601656
1717,Malaysia,MYS,2018,1.629,3331.819659
1718,Mali,MLI,2018,2.63,483.0598985
1719,Mauritania,MRT,2018,2.223,182.6401725
1720,Mauritius,MUS,2018,1.533,20.98567691
1721,Mexico,MEX,2018,2.536,6824.937117
1722,Moldova,MDA,2018,1.855,48.9705414
1723,Mongolia,MNG,2018,1.764,114.3812426
1724,Montenegro,MNE,2018,1.742,77.63069188
1725,Morocco,MAR,2018,1.933,3731.482387
1726,Mozambique,MOZ,2018,2.121,240.0274329
1727,Myanmar,MMR,2018,2.239,2356.675942
1728,Namibia,NAM,2018,1.832,429.7026584
1729,Nepal,NPL,2018,1.992,461.7260938
1730,Netherlands,NLD,2018,1.463,11627.23105
1731,New Zealand,NZL,2018,1.234,2441.533639
1732,Nicaragua,NIC,2018,1.872,91.03514582
1733,Niger,NER,2018,2.44,222.2076075
1734,Nigeria,NGA,2018,2.754,2711.757497
1735,North Korea,PRK,2018,2.927,
1736,Macedonia,MKD,2018,1.944,
1737,Norway,NOR,2018,1.48,7230.121954
1738,Oman,OMN,2018,1.94,7837.449316
1739,Pakistan,PAK,2018,2.929,10952.02965
1740,Palestine,PSE,2018,2.623,
1741,Panama,PAN,2018,1.82,0
1742,Papua New Guinea,PNG,2018,1.973,89.1156781
1743,Paraguay,PRY,2018,2.003,370.9703457
1744,Peru,PER,2018,1.979,2675.177463
1745,Philippines,PHL,2018,2.464,4577.612714
1746,Poland,POL,2018,1.619,12396.73264
1747,Portugal,PRT,2018,1.295,3168.686716
1748,Qatar,QAT,2018,1.73,
1749,Republic of the Congo,COG,2018,2.29,
1750,Romania,ROU,2018,1.539,4669.377512
1751,Russia,RUS,2018,3.063,72514.62638
1752,Rwanda,RWA,2018,2.15,131.5435489
1753,Saudi Arabia,SAU,2018,2.416,79809.01104
1754,Senegal,SEN,2018,1.826,401.3992196
1755,Serbia,SRB,2018,1.763,896.6380648
1756,Sierra Leone,SLE,2018,1.719,31.80606458
1757,Singapore,SGP,2018,1.398,11284.70679
1758,Slovakia,SVK,2018,1.532,1405.896684
1759,Slovenia,SVN,2018,1.33,531.596424
1760,Somalia,SOM,2018,3.134,
1761,South Africa,ZAF,2018,2.302,3528.672374
1762,South Korea,KOR,2018,1.805,
1763,S. Sudan,SSD,2018,3.289,
1764,Spain,ESP,2018,1.619,17813.74503
1765,Sri Lanka,LKA,2018,1.899,1448.434047
1766,Sudan,SDN,2018,3.038,2156.234828
1767,Sweden,SWE,2018,1.482,5581.528685
1768,Switzerland,CHE,2018,1.397,5000.863414
1769,Syria,SYR,2018,3.381,
1770,Taiwan,TWN,2018,1.732,11189.28252
1771,Tajikistan,TJK,2018,2.077,92.56583028
1772,Tanzania,TZA,2018,1.889,678.6897566
1773,Thailand,THA,2018,2.167,6587.400038
1774,The Gambia,GMB,2018,1.995,
1775,Timor-Leste,TLS,2018,1.807,
1776,Togo,TGO,2018,2.01,107.1204656
1777,Trinidad and Tobago,TTO,2018,2.003,181.6456118
1778,Tunisia,TUN,2018,2.012,936.2981123
1779,Turkey,TUR,2018,2.798,
1780,Turkmenistan,TKM,2018,2.214,
1781,Uganda,UGA,2018,2.149,480.4305154
1782,Ukraine,UKR,2018,2.874,5779.819441
1783,United Arab Emirates,ARE,2018,1.774,
1784,United Kingdom,GBR,2018,1.741,58657.77256
1785,United States of America,USA,2018,2.291,795416.2822
1786,Uruguay,URY,2018,1.713,1319.901848
1787,Uzbekistan,UZB,2018,2.071,1678.920692
1788,Venezuela,VEN,2018,2.574,2.232362185
1789,Vietnam,VNM,2018,1.895,
1790,Yemen,YEM,2018,3.106,
1791,Zambia,ZMB,2018,1.787,399.9597418
1792,Zimbabwe,ZWE,2018,2.198,202.1128098
1793,Afghanistan,AFG,2019,3.52,228.1065483
1794,Albania,ALB,2019,1.712,212.1836043
1795,Algeria,DZA,2019,2.235,10383.20782
1796,Angola,AGO,2019,1.955,2171.788155
1797,Argentina,ARG,2019,1.978,4203.070025
1798,Armenia,ARM,2019,2.121,846.0987844
1799,Australia,AUS,2019,1.427,28764.48617
1800,Austria,AUT,2019,1.249,3544.844967
1801,Azerbaijan,AZE,2019,2.376,2313.619115
1802,Bahrain,BHR,2019,2.191,1567.218864
1803,Bangladesh,BGD,2019,2.109,4723.413952
1804,Belarus,BLR,2019,2.042,877.1873767
1805,Belgium,BEL,2019,1.526,5058.982933
1806,Benin,BEN,2019,1.911,67.97716973
1807,Bhutan,BTN,2019,1.473,
1808,Bolivia,BOL,2019,1.975,615.5538469
1809,Bosnia and Herz.,BIH,2019,1.871,
1810,Botswana,BWA,2019,1.791,546.0738721
1811,Brazil,BRA,2019,2.37,24169.83021
1812,Bulgaria,BGR,2019,1.585,2456.21039
1813,Burkina Faso,BFA,2019,2.153,405.8837373
1814,Burundi,BDI,2019,2.476,105.6856792
1815,Cambodia,KHM,2019,1.928,659.6192889
1816,Cameroon,CMR,2019,2.572,441.6349353
1817,Canada,CAN,2019,1.319,25397.61171
1818,Central African Rep.,CAF,2019,3.163,
1819,Chad,TCD,2019,2.499,241.8120623
1820,Chile,CHL,2019,1.652,5013.656424
1821,China,CHN,2019,2.047,260242.5213
1822,Colombia,COL,2019,2.686,9158.30832
1823,Costa Rica,CRI,2019,1.728,0
1824,Côte d'Ivoire,CIV,2019,2.153,
1825,Croatia,HRV,2019,1.549,1053.73893
1826,Cuba,CUB,2019,1.988,
1827,Cyprus,CYP,2019,1.88,480.5649179
1828,Czechia,CZE,2019,1.335,3523.216073
1829,Dem. Rep. Congo,COD,2019,3.111,
1830,Denmark,DNK,2019,1.288,4660.946223
1831,Djibouti,DJI,2019,2.103,
1832,Dominican Republic,DOM,2019,2.019,699.53141
1833,Ecuador,ECU,2019,1.95,2422.314309
1834,Egypt,EGY,2019,2.398,4121.767754
1835,El Salvador,SLV,2019,2.191,350.5153986
1836,Eq. Guinea,GNQ,2019,1.843,
1837,Eritrea,ERI,2019,2.558,
1838,Estonia,EST,2019,1.582,744.4740474
1839,eSwatini,SWZ,2019,1.917,
1840,Ethiopia,ETH,2019,2.469,614.2456936
1841,Finland,FIN,2019,1.406,3749.529156
1842,France,FRA,2019,1.861,50596.38264
1843,Gabon,GAB,2019,2.069,267.7662576
1844,Georgia,GEO,2019,1.992,386.6799638
1845,Germany,DEU,2019,1.534,50860.82344
1846,Ghana,GHA,2019,1.743,216.1798861
1847,Greece,GRC,2019,1.903,5542.719377
1848,Guatemala,GTM,2019,2.206,379.1144351
1849,Guinea,GIN,2019,2.026,284.0388071
1850,Guinea-Bissau,GNB,2019,2.11,23.9891811
1851,Guyana,GUY,2019,2.088,75.41462493
1852,Haiti,HTI,2019,2.044,17.51671384
1853,Honduras,HND,2019,2.264,461.2493184
1854,Hungary,HUN,2019,1.494,2127.566087
1855,Iceland,ISL,2019,1.094,0
1856,India,IND,2019,2.611,76620.72741
1857,Indonesia,IDN,2019,1.737,8381.707406
1858,Iran,IRN,2019,2.512,5515.958821
1859,Iraq,IRQ,2019,3.249,6945.896409
1860,Ireland,IRL,2019,1.326,1149.687561
1861,Israel,ISR,2019,2.717,22737.20328
1862,Italy,ITA,2019,1.677,27280.52948
1863,Jamaica,JAM,2019,1.944,284.2851947
1864,Japan,JPN,2019,1.38,43091.61172
1865,Jordan,JOR,2019,1.962,2153.719256
1866,Kazakhstan,KAZ,2019,1.911,2039.146372
1867,Kenya,KEN,2019,2.365,1163.179782
1868,Kosovo,KSV,2019,1.911,71.32560701
1869,Kuwait,KWT,2019,1.748,8034.784328
1870,Kyrgyzstan,KGZ,2019,2.054,
1871,Laos,LAO,2019,1.761,
1872,Latvia,LVA,2019,1.599,789.2150977
1873,Lebanon,LBN,2019,2.756,1601.474129
1874,Lesotho,LSO,2019,2.144,47.7152484
1875,Liberia,LBR,2019,1.841,16.02766161
1876,Libya,LBY,2019,3.106,
1877,Lithuania,LTU,2019,1.65,1303.128638
1878,Madagascar,MDG,2019,1.867,80.37665978
1879,Malawi,MWI,2019,1.787,95.9210566
1880,Malaysia,MYS,2019,1.589,3218.202244
1881,Mali,MLI,2019,2.685,511.3356209
1882,Mauritania,MRT,2019,2.214,185.6150122
1883,Mauritius,MUS,2019,1.554,20.36634171
1884,Mexico,MEX,2019,2.533,7501.6814
1885,Moldova,MDA,2019,1.869,55.52805668
1886,Mongolia,MNG,2019,1.76,122.4239785
1887,Montenegro,MNE,2019,1.811,80.02944852
1888,Morocco,MAR,2019,2.037,3809.704239
1889,Mozambique,MOZ,2019,2.14,258.3071556
1890,Myanmar,MMR,2019,2.347,2279.559408
1891,Namibia,NAM,2019,1.919,410.2230345
1892,Nepal,NPL,2019,1.959,447.0674286
1893,Netherlands,NLD,2019,1.471,12895.33512
1894,New Zealand,NZL,2019,1.285,2971.723443
1895,Nicaragua,NIC,2019,2.293,84.70133943
1896,Niger,NER,2019,2.374,259.0956363
1897,Nigeria,NGA,2019,2.769,2487.648898
1898,North Korea,PRK,2019,2.899,
1899,Macedonia,MKD,2019,1.835,
1900,Norway,NOR,2019,1.5,7649.90093
1901,Oman,OMN,2019,1.919,6777.595192
1902,Pakistan,PAK,2019,2.891,10818.69657
1903,Palestine,PSE,2019,2.604,
1904,Panama,PAN,2019,1.816,0
1905,Papua New Guinea,PNG,2019,1.958,99.44946867
1906,Paraguay,PRY,2019,2.06,375.4659036
1907,Peru,PER,2019,1.973,2761.830527
1908,Philippines,PHL,2019,2.469,4563.817468
1909,Poland,POL,2019,1.58,12605.48491
1910,Portugal,PRT,2019,1.247,3384.235157
1911,Qatar,QAT,2019,1.617,
1912,Republic of the Congo,COG,2019,2.279,
1913,Romania,ROU,2019,1.574,5111.309706
1914,Russia,RUS,2019,3.099,75764.91472
1915,Rwanda,RWA,2019,1.974,138.4280722
1916,Saudi Arabia,SAU,2019,2.405,71410.02628
1917,Senegal,SEN,2019,1.872,385.328204
1918,Serbia,SRB,2019,1.724,1452.43388
1919,Sierra Leone,SLE,2019,1.814,29.00046417
1920,Singapore,SGP,2019,1.348,11154.73004
1921,Slovakia,SVK,2019,1.519,2007.966147
1922,Slovenia,SVN,2019,1.293,596.6356494
1923,Somalia,SOM,2019,3.054,
1924,South Africa,ZAF,2019,2.41,3505.634781
1925,South Korea,KOR,2019,1.804,
1926,S. Sudan,SSD,2019,3.28,
1927,Spain,ESP,2019,1.691,17986.49287
1928,Sri Lanka,LKA,2019,1.943,1464.649519
1929,Sudan,SDN,2019,2.866,1950.269136
1930,Sweden,SWE,2019,1.515,6074.860567
1931,Switzerland,CHE,2019,1.37,5369.481496
1932,Syria,SYR,2019,3.331,
1933,Taiwan,TWN,2019,1.697,11933.76359
1934,Tajikistan,TJK,2019,2.168,90.89842664
1935,Tanzania,TZA,2019,1.872,686.0221451
1936,Thailand,THA,2019,2.182,6751.417794
1937,The Gambia,GMB,2019,1.91,
1938,Timor-Leste,TLS,2019,1.742,
1939,Togo,TGO,2019,2.099,183.3279914
1940,Trinidad and Tobago,TTO,2019,2.059,186.9321505
1941,Tunisia,TUN,2019,1.975,1151.413236
1942,Turkey,TUR,2019,2.886,
1943,Turkmenistan,TKM,2019,2.22,
1944,Uganda,UGA,2019,2.193,736.1781735
1945,Ukraine,UKR,2019,2.768,6697.098656
1946,United Arab Emirates,ARE,2019,1.797,
1947,United Kingdom,GBR,2019,1.681,61094.44969
1948,United States of America,USA,2019,2.361,840614.8126
1949,Uruguay,URY,2019,1.695,1274.347044
1950,Uzbekistan,UZB,2019,2.056,
1951,Venezuela,VEN,2019,2.673,17.23983296
1952,Vietnam,VNM,2019,1.895,
1953,Yemen,YEM,2019,3.211,
1954,Zambia,ZMB,2019,1.768,349.4844768
1955,Zimbabwe,ZWE,2019,2.315,197.0504695
1956,Afghanistan,AFG,2020,3.592,263.9042018
1957,Albania,ALB,2020,1.771,205.6966059
1958,Algeria,DZA,2020,2.234,10141.07336
1959,Angola,AGO,2020,1.989,1901.093962
1960,Argentina,ARG,2020,1.948,3919.159762
1961,Armenia,ARM,2020,1.952,821.9379319
1962,Australia,AUS,2020,1.428,30170.39183
1963,Austria,AUT,2020,1.251,3952.569217
1964,Azerbaijan,AZE,2020,2.144,2717.178377
1965,Bahrain,BHR,2020,2.103,1446.894862
1966,Bangladesh,BGD,2020,2.091,4803.02006
1967,Belarus,BLR,2020,2.042,928.0546701
1968,Belgium,BEL,2020,1.509,5508.644614
1969,Benin,BEN,2020,2.178,68.32699944
1970,Bhutan,BTN,2020,1.489,
1971,Bolivia,BOL,2020,2.017,523.9218659
1972,Bosnia and Herz.,BIH,2020,1.899,
1973,Botswana,BWA,2020,1.812,552.4700039
1974,Brazil,BRA,2020,2.412,23137.36459
1975,Bulgaria,BGR,2020,1.612,1230.005378
1976,Burkina Faso,BFA,2020,2.241,418.0307032
1977,Burundi,BDI,2020,2.418,81.50462727
1978,Cambodia,KHM,2020,1.889,672.6689636
1979,Cameroon,CMR,2020,2.645,394.3372076
1980,Canada,CAN,2020,1.333,26265.59839
1981,Central African Rep.,CAF,2020,3.072,
1982,Chad,TCD,2020,2.549,312.7223898
1983,Chile,CHL,2020,1.828,5547.273937
1984,China,CHN,2020,2.026,272509.0547
1985,Colombia,COL,2020,2.691,9453.337575
1986,Costa Rica,CRI,2020,1.704,0
1987,Côte d'Ivoire,CIV,2020,2.129,
1988,Croatia,HRV,2020,1.529,1028.79688
1989,Cuba,CUB,2020,2.017,
1990,Cyprus,CYP,2020,1.877,495.3322772
1991,Czechia,CZE,2020,1.341,3863.83062
1992,Dem. Rep. Congo,COD,2020,3.109,
1993,Denmark,DNK,2020,1.306,4956.698887
1994,Djibouti,DJI,2020,2.145,
1995,Dominican Republic,DOM,2020,1.96,712.5380581
1996,Ecuador,ECU,2020,2.041,2441.22199
1997,Egypt,EGY,2020,2.45,4448.216938
1998,El Salvador,SLV,2020,2.177,381.4370726
1999,Eq. Guinea,GNQ,2020,1.775,
2000,Eritrea,ERI,2020,2.567,
2001,Estonia,EST,2020,1.577,827.9664203
2002,eSwatini,SWZ,2020,1.929,
2003,Ethiopia,ETH,2020,2.507,575.7161
2004,Finland,FIN,2020,1.365,3907.925282
2005,France,FRA,2020,1.916,52053.61602
2006,Gabon,GAB,2020,2.096,256.1507004
2007,Georgia,GEO,2020,1.982,373.6488528
2008,Germany,DEU,2020,1.513,54191.8546
2009,Ghana,GHA,2020,1.796,220.7446722
2010,Greece,GRC,2020,1.856,5912.419898
2011,Guatemala,GTM,2020,2.171,380.5360878
2012,Guinea,GIN,2020,2.032,281.4124579
2013,Guinea-Bissau,GNB,2020,2.084,24.93998167
2014,Guyana,GUY,2020,2.063,85.22293884
2015,Haiti,HTI,2020,2.128,19.9461082
2016,Honduras,HND,2020,2.223,390.0143302
2017,Hungary,HUN,2020,1.534,2756.957466
2018,Iceland,ISL,2020,1.104,0
2019,India,IND,2020,2.616,77085.46974
2020,Indonesia,IDN,2020,1.814,9757.959983
2021,Iran,IRN,2020,2.705,5811.30304
2022,Iraq,IRQ,2020,3.398,5159.912359
2023,Ireland,IRL,2020,1.357,1165.269485
2024,Israel,ISR,2020,2.753,23685.71154
2025,Italy,ITA,2020,1.639,33492.26904
2026,Jamaica,JAM,2020,1.964,255.5289849
2027,Japan,JPN,2020,1.37,42722.20667
2028,Jordan,JOR,2020,1.964,2171.70831
2029,Kazakhstan,KAZ,2020,1.978,1724.320025
2030,Kenya,KEN,2020,2.395,1150.694332
2031,Kosovo,KSV,2020,1.959,84.02701377
2032,Kuwait,KWT,2020,1.685,7480.932973
2033,Kyrgyzstan,KGZ,2020,2.041,
2034,Laos,LAO,2020,1.806,
2035,Latvia,LVA,2020,1.617,829.5404195
2036,Lebanon,LBN,2020,2.7,660.1880776
2037,Lesotho,LSO,2020,2.088,44.62287979
2038,Liberia,LBR,2020,1.864,14.32401114
2039,Libya,LBY,2020,3.068,
2040,Lithuania,LTU,2020,1.622,1357.531421
2041,Madagascar,MDG,2020,1.905,92.22945336
2042,Malawi,MWI,2020,1.898,103.8507441
2043,Malaysia,MYS,2020,1.545,3415.444296
2044,Mali,MLI,2020,2.7,624.2743198
2045,Mauritania,MRT,2020,2.184,229.1731019
2046,Mauritius,MUS,2020,1.54,18.88991381
2047,Mexico,MEX,2020,2.575,9801.895421
2048,Moldova,MDA,2020,1.848,55.16065056
2049,Mongolia,MNG,2020,1.745,126.7174434
2050,Montenegro,MNE,2020,1.806,88.35118343
2051,Morocco,MAR,2020,2.045,4883.245061
2052,Mozambique,MOZ,2020,2.132,370.1733708
2053,Myanmar,MMR,2020,2.379,3220.027517
2054,Namibia,NAM,2020,1.845,407.3089289
2055,Nepal,NPL,2020,1.948,459.2391912
2056,Netherlands,NLD,2020,1.528,13637.43432
2057,New Zealand,NZL,2020,1.279,3059.3338
2058,Nicaragua,NIC,2020,2.405,88.26858541
2059,Niger,NER,2020,2.558,237.9415309
2060,Nigeria,NGA,2020,2.782,3202.421874
2061,North Korea,PRK,2020,2.977,
2062,Macedonia,MKD,2020,1.8,
2063,Norway,NOR,2020,1.509,7750.435725
2064,Oman,OMN,2020,1.906,6364.039799
2065,Pakistan,PAK,2020,2.842,10642.27596
2066,Palestine,PSE,2020,2.607,
2067,Panama,PAN,2020,1.877,0
2068,Papua New Guinea,PNG,2020,1.986,101.1911538
2069,Paraguay,PRY,2020,2.017,394.6199329
2070,Peru,PER,2020,2.005,2731.274774
2071,Philippines,PHL,2020,2.424,4700.651957
2072,Poland,POL,2020,1.609,14426.15677
2073,Portugal,PRT,2020,1.244,3292.775428
2074,Qatar,QAT,2020,1.575,
2075,Republic of the Congo,COG,2020,2.276,
2076,Romania,ROU,2020,1.537,5467.412086
2077,Russia,RUS,2020,3.056,77544.91006
2078,Rwanda,RWA,2020,1.99,159.8908051
2079,Saudi Arabia,SAU,2020,2.388,68182.1609
2080,Senegal,SEN,2020,1.84,357.4794067
2081,Serbia,SRB,2020,1.765,1364.986209
2082,Sierra Leone,SLE,2020,1.855,22.5121225
2083,Singapore,SGP,2020,1.304,10645.29421
2084,Slovakia,SVK,2020,1.541,2197.380393
2085,Slovenia,SVN,2020,1.312,580.980332
2086,Somalia,SOM,2020,3.128,
2087,South Africa,ZAF,2020,2.321,3640.877535
2088,South Korea,KOR,2020,1.764,
2089,S. Sudan,SSD,2020,3.287,
2090,Spain,ESP,2020,1.673,17973.51054
2091,Sri Lanka,LKA,2020,1.982,1363.948763
2092,Sudan,SDN,2020,2.941,1132.412004
2093,Sweden,SWE,2020,1.508,6322.112077
2094,Switzerland,CHE,2020,1.389,5831.317114
2095,Syria,SYR,2020,3.334,
2096,Taiwan,TWN,2020,1.668,12459.77839
2097,Tajikistan,TJK,2020,2.153,84.87496255
2098,Tanzania,TZA,2020,1.854,728.5236451
2099,Thailand,THA,2020,2.19,6996.172148
2100,The Gambia,GMB,2020,1.925,
2101,Timor-Leste,TLS,2020,1.8,
2102,Togo,TGO,2020,2.084,170.1463604
2103,Trinidad and Tobago,TTO,2020,2.014,183.206038
2104,Tunisia,TUN,2020,1.975,1205.706839
2105,Turkey,TUR,2020,2.919,
2106,Turkmenistan,TKM,2020,2.152,
2107,Uganda,UGA,2020,2.222,1086.837447
2108,Ukraine,UKR,2020,2.793,7432.215517
2109,United Arab Emirates,ARE,2020,1.93,
2110,United Kingdom,GBR,2020,1.74,62064.89124
2111,United States of America,USA,2020,2.356,880185.2356
2112,Uruguay,URY,2020,1.702,1306.88068
2113,Uzbekistan,UZB,2020,2.049,
2114,Venezuela,VEN,2020,2.848,10.60825978
2115,Vietnam,VNM,2020,1.952,
2116,Yemen,YEM,2020,3.259,
2117,Zambia,ZMB,2020,1.788,310.4510789
2118,Zimbabwe,ZWE,2020,2.302,260.2124071
2119,Afghanistan,AFG,2021,3.6,268.6006345
2120,Albania,ALB,2021,1.769,217.8604825
2121,Algeria,DZA,2021,2.258,9455.120355
2122,Angola,AGO,2021,2.025,1619.929593
2123,Argentina,ARG,2021,1.931,3860.443497
2124,Armenia,ARM,2021,2.016,777.2407439
2125,Australia,AUS,2021,1.485,32223.09754
2126,Austria,AUT,2021,1.318,4051.202049
2127,Azerbaijan,AZE,2021,2.286,3077.627477
2128,Bahrain,BHR,2021,2.075,1431.468348
2129,Bangladesh,BGD,2021,2.077,4757.746569
2130,Belarus,BLR,2021,2.225,974.5364538
2131,Belgium,BEL,2021,1.531,6081.731889
2132,Benin,BEN,2021,2.123,87.81903027
2133,Bhutan,BTN,2021,1.478,
2134,Bolivia,BOL,2021,2.038,546.401198
2135,Bosnia and Herz.,BIH,2021,1.86,
2136,Botswana,BWA,2021,1.765,537.2161209
2137,Brazil,BRA,2021,2.454,21913.89938
2138,Bulgaria,BGR,2021,1.562,1307.951147
2139,Burkina Faso,BFA,2021,2.543,465.835508
2140,Burundi,BDI,2021,2.409,78.61902188
2141,Cambodia,KHM,2021,1.918,661.103003
2142,Cameroon,CMR,2021,2.737,418.9354767
2143,Canada,CAN,2021,1.325,26100.89087
2144,Central African Rep.,CAF,2021,3.036,
2145,Chad,TCD,2021,2.578,311.4263825
2146,Chile,CHL,2021,1.798,5038.489278
2147,China,CHN,2021,2.05,279605.7782
2148,Colombia,COL,2021,2.737,9864.952741
2149,Costa Rica,CRI,2021,1.715,0
2150,Côte d'Ivoire,CIV,2021,2.137,
2151,Croatia,HRV,2021,1.452,1340.293113
2152,Cuba,CUB,2021,2.02,
2153,Cyprus,CYP,2021,1.914,522.3248223
2154,Czechia,CZE,2021,1.331,4206.866148
2155,Dem. Rep. Congo,COD,2021,3.161,
2156,Denmark,DNK,2021,1.293,5049.079271
2157,Djibouti,DJI,2021,2.099,
2158,Dominican Republic,DOM,2021,1.97,690.8724467
2159,Ecuador,ECU,2021,2.023,2492.303443
2160,Egypt,EGY,2021,2.487,4811.013433
2161,El Salvador,SLV,2021,2.18,376.8867507
2162,Eq. Guinea,GNQ,2021,1.835,
2163,Eritrea,ERI,2021,2.551,
2164,Estonia,EST,2021,1.563,794.9201572
2165,eSwatini,SWZ,2021,1.893,
2166,Ethiopia,ETH,2021,2.627,550.7132201
2167,Finland,FIN,2021,1.406,3650.493545
2168,France,FRA,2021,1.93,53011.69842
2169,Gabon,GAB,2021,1.998,288.7269614
2170,Georgia,GEO,2021,2.016,370.7264016
2171,Germany,DEU,2021,1.494,53715.83999
2172,Ghana,GHA,2021,1.759,257.8743424
2173,Greece,GRC,2021,1.917,8093.749647
2174,Guatemala,GTM,2021,2.163,360.336303
2175,Guinea,GIN,2021,2.052,301.8137836
2176,Guinea-Bissau,GNB,2021,2.076,24.97906636
2177,Guyana,GUY,2021,2.115,81.193069
2178,Haiti,HTI,2021,2.073,29.87424449
2179,Honduras,HND,2021,2.33,448.9596438
2180,Hungary,HUN,2021,1.458,2248.602092
2181,Iceland,ISL,2021,1.146,0
2182,India,IND,2021,2.615,76596.8642
2183,Indonesia,IDN,2021,1.781,8837.007607
2184,Iran,IRN,2021,2.675,7068.091439
2185,Iraq,IRQ,2021,3.231,4969.106631
2186,Ireland,IRL,2021,1.307,1215.528226
2187,Israel,ISR,2021,2.635,24413.73661
2188,Italy,ITA,2021,1.661,34867.44847
2189,Jamaica,JAM,2021,1.969,233.134476
2190,Japan,JPN,2021,1.355,43660.12799
2191,Jordan,JOR,2021,1.93,2268.819157
2192,Kazakhstan,KAZ,2021,1.918,1712.704014
2193,Kenya,KEN,2021,2.325,1182.967065
2194,Kosovo,KSV,2021,1.976,79.0025916
2195,Kuwait,KWT,2021,1.702,9220.503785
2196,Kyrgyzstan,KGZ,2021,1.919,
2197,Laos,LAO,2021,1.782,
2198,Latvia,LVA,2021,1.634,858.750715
2199,Lebanon,LBN,2021,2.719,258.214683
2200,Lesotho,LSO,2021,2.11,36.2177029
2201,Liberia,LBR,2021,1.961,31.17251755
2202,Libya,LBY,2021,3.101,
2203,Lithuania,LTU,2021,1.668,1391.222286
2204,Madagascar,MDG,2021,1.951,99.12049979
2205,Malawi,MWI,2021,1.9,94.09447291
2206,Malaysia,MYS,2021,1.52,3577.37525
2207,Mali,MLI,2021,2.83,636.4764973
2208,Mauritania,MRT,2021,2.237,245.0190962
2209,Mauritius,MUS,2021,1.59,20.53777375
2210,Mexico,MEX,2021,2.626,9442.013783
2211,Moldova,MDA,2021,1.848,62.33070935
2212,Mongolia,MNG,2021,1.758,121.5497611
2213,Montenegro,MNE,2021,1.796,91.39455105
2214,Morocco,MAR,2021,1.996,5026.030416
2215,Mozambique,MOZ,2021,2.15,352.6351061
2216,Myanmar,MMR,2021,2.488,3785.876093
2217,Namibia,NAM,2021,1.883,383.3561663
2218,Nepal,NPL,2021,1.981,453.4211271
2219,Netherlands,NLD,2021,1.525,14083.70324
2220,New Zealand,NZL,2021,1.284,2792.436093
2221,Nicaragua,NIC,2021,2.333,83.47263587
2222,Niger,NER,2021,2.631,187.606648
2223,Nigeria,NGA,2021,2.733,5008.224588
2224,North Korea,PRK,2021,2.917,
2225,Macedonia,MKD,2021,1.687,
2226,Norway,NOR,2021,1.483,7976.932485
2227,Oman,OMN,2021,1.902,5946.241143
2228,Pakistan,PAK,2021,2.827,11096.3144
2229,Palestine,PSE,2021,2.52,
2230,Panama,PAN,2021,1.885,0
2231,Papua New Guinea,PNG,2021,2.051,90.15448884
2232,Paraguay,PRY,2021,2.015,379.5982087
2233,Peru,PER,2021,2.018,2890.597896
2234,Philippines,PHL,2021,2.452,5303.770057
2235,Poland,POL,2021,1.513,15153.71223
2236,Portugal,PRT,2021,1.303,3723.429339
2237,Qatar,QAT,2021,1.581,12112.17976
2238,Republic of the Congo,COG,2021,2.239,
2239,Romania,ROU,2021,1.56,5348.190882
2240,Russia,RUS,2021,3.038,79081.15017
2241,Rwanda,RWA,2021,1.984,187.8088935
2242,Saudi Arabia,SAU,2021,2.412,64758.14931
2243,Senegal,SEN,2021,1.878,471.4053216
2244,Serbia,SRB,2021,1.785,1455.043288
2245,Sierra Leone,SLE,2021,1.828,25.48033581
2246,Singapore,SGP,2021,1.346,11390.94862
2247,Slovakia,SVK,2021,1.545,2070.978438
2248,Slovenia,SVN,2021,1.295,738.3204432
2249,Somalia,SOM,2021,3.181,
2250,South Africa,ZAF,2021,2.331,3279.162389
2251,South Korea,KOR,2021,1.825,
2252,S. Sudan,SSD,2021,3.248,
2253,Spain,ESP,2021,1.641,18840.91918
2254,Sri Lanka,LKA,2021,2.095,1400.779918
2255,Sudan,SDN,2021,2.908,668.0643349
2256,Sweden,SWE,2021,1.497,6968.610722
2257,Switzerland,CHE,2021,1.384,5400.831896
2258,Syria,SYR,2021,3.296,
2259,Taiwan,TWN,2021,1.653,13463.88649
2260,Tajikistan,TJK,2021,2.058,100.1103986
2261,Tanzania,TZA,2021,1.928,786.4234467
2262,Thailand,THA,2021,2.153,6885.707137
2263,The Gambia,GMB,2021,1.847,
2264,Timor-Leste,TLS,2021,1.839,
2265,Togo,TGO,2021,2.144,190.8544937
2266,Trinidad and Tobago,TTO,2021,2.023,218.8151122
2267,Tunisia,TUN,2021,1.994,1210.355285
2268,Turkey,TUR,2021,2.851,
2269,Turkmenistan,TKM,2021,2.144,
2270,Uganda,UGA,2021,2.214,1105.670396
2271,Ukraine,UKR,2021,2.558,6879.288351
2272,United Arab Emirates,ARE,2021,1.89,
2273,United Kingdom,GBR,2021,1.672,63008.18952
2274,United States of America,USA,2021,2.43,870751.189
2275,Uruguay,URY,2021,1.763,1437.213025
2276,Uzbekistan,UZB,2021,2.032,
2277,Venezuela,VEN,2021,2.878,2.006142096
2278,Vietnam,VNM,2021,1.817,
2279,Yemen,YEM,2021,3.342,
2280,Zambia,ZMB,2021,1.915,285.0061407
2281,Zimbabwe,ZWE,2021,2.381,491.1832443
2282,Afghanistan,AFG,2022,3.554,
2283,Albania,ALB,2022,1.761,228.6931596
2284,Algeria,DZA,2022,2.146,9145.810174
2285,Angola,AGO,2022,1.982,1622.763732
2286,Argentina,ARG,2022,1.911,4338.26131
2287,Armenia,ARM,2022,1.992,795.20158
2288,Australia,AUS,2022,1.565,32445.33043
2289,Austria,AUT,2022,1.3,3612.733178
2290,Azerbaijan,AZE,2022,2.437,2991.035294
2291,Bahrain,BHR,2022,2.085,1381.31383
2292,Bangladesh,BGD,2022,2.067,4473.791826
2293,Belarus,BLR,2022,2.259,1105.174741
2294,Belgium,BEL,2022,1.526,6890.1613
2295,Benin,BEN,2022,2.125,110.0103703
2296,Bhutan,BTN,2022,1.481,
2297,Bolivia,BOL,2022,1.989,429.3655906
2298,Bosnia and Herz.,BIH,2022,1.85,
2299,Botswana,BWA,2022,1.801,485.1020547
2300,Brazil,BRA,2022,2.465,20542.06357
2301,Bulgaria,BGR,2022,1.541,1436.90137
2302,Burkina Faso,BFA,2022,2.786,562.5833492
2303,Burundi,BDI,2022,2.47,101.4342212
2304,Cambodia,KHM,2022,1.882,618.689402
2305,Cameroon,CMR,2022,2.709,416.6380216
2306,Canada,CAN,2022,1.389,25567.94388
2307,Central African Rep.,CAF,2022,3.021,
2308,Chad,TCD,2022,2.591,331.746766
2309,Chile,CHL,2022,1.84,4649.295736
2310,China,CHN,2022,2.01,291958.4285
2311,Colombia,COL,2022,2.729,9661.013162
2312,Costa Rica,CRI,2022,1.732,0
2313,Côte d'Ivoire,CIV,2022,2.144,
2314,Croatia,HRV,2022,1.44,1282.110613
2315,Cuba,CUB,2022,2.083,
2316,Cyprus,CYP,2022,1.903,532.5123899
2317,Czechia,CZE,2022,1.318,4005.428326
2318,Dem. Rep. Congo,COD,2022,3.166,
2319,Denmark,DNK,2022,1.296,5475.015488
2320,Djibouti,DJI,2022,2.213,
2321,Dominican Republic,DOM,2022,1.99,760.7632419
2322,Ecuador,ECU,2022,1.988,2586.48
2323,Egypt,EGY,2022,2.342,4645.922048
2324,El Salvador,SLV,2022,2.231,458.494
2325,Eq. Guinea,GNQ,2022,1.863,
2326,Eritrea,ERI,2022,2.494,
2327,Estonia,EST,2022,1.662,818.2789637
2328,eSwatini,SWZ,2022,2.033,
2329,Ethiopia,ETH,2022,2.806,1031.400406
2330,Finland,FIN,2022,1.439,4446.368019
2331,France,FRA,2022,1.895,53638.74877
2332,Gabon,GAB,2022,1.973,277.674769
2333,Georgia,GEO,2022,2.065,360.3441707
2334,Germany,DEU,2022,1.462,56153.12124
2335,Ghana,GHA,2022,1.759,229.2788662
2336,Greece,GRC,2022,1.838,8745.382719
2337,Guatemala,GTM,2022,2.139,441.3795951
2338,Guinea,GIN,2022,2.332,441.2601697
2339,Guinea-Bissau,GNB,2022,2.156,24.53867814
2340,Guyana,GUY,2022,2.14,88.19824121
2341,Haiti,HTI,2022,2.254,12.7045283
2342,Honduras,HND,2022,2.269,458.3103621
2343,Hungary,HUN,2022,1.411,3256.817191
2344,Iceland,ISL,2022,1.107,0
2345,India,IND,2022,2.578,79976.78933
2346,Indonesia,IDN,2022,1.8,10133.92349
2347,Iran,IRN,2022,2.687,7334.035773
2348,Iraq,IRQ,2022,3.157,4683.139093
2349,Ireland,IRL,2022,1.288,1164.312099
2350,Israel,ISR,2022,2.576,23406.07457
2351,Italy,ITA,2022,1.643,34691.88116
2352,Jamaica,JAM,2022,1.99,220.5306511
2353,Japan,JPN,2022,1.336,46880.19467
2354,Jordan,JOR,2022,1.849,2323.347887
2355,Kazakhstan,KAZ,2022,2.071,1163.053994
2356,Kenya,KEN,2022,2.303,1155.179523
2357,Kosovo,KSV,2022,1.938,107.6015802
2358,Kuwait,KWT,2022,1.739,8244.121401
2359,Kyrgyzstan,KGZ,2022,2.028,
2360,Laos,LAO,2022,1.809,
2361,Latvia,LVA,2022,1.673,856.1427718
2362,Lebanon,LBN,2022,2.615,218.747732
2363,Lesotho,LSO,2022,2.089,34.6684999
2364,Liberia,LBR,2022,1.973,36.775
2365,Libya,LBY,2022,2.93,
2366,Lithuania,LTU,2022,1.724,1734.372765
2367,Madagascar,MDG,2022,1.995,98.14916922
2368,Malawi,MWI,2022,1.895,117.5469567
2369,Malaysia,MYS,2022,1.471,3673.788248
2370,Mali,MLI,2022,2.911,582.0175525
2371,Mauritania,MRT,2022,2.193,225.3521355
2372,Mauritius,MUS,2022,1.57,17.88459597
2373,Mexico,MEX,2022,2.612,10065.2684
2374,Moldova,MDA,2022,1.882,47.74981511
2375,Mongolia,MNG,2022,1.775,107.5040976
2376,Montenegro,MNE,2022,1.801,98.01151901
2377,Morocco,MAR,2022,1.969,4995.028074
2378,Mozambique,MOZ,2022,2.316,281.8674604
2379,Myanmar,MMR,2022,2.631,3731.993506
2380,Namibia,NAM,2022,1.908,367.5974307
2381,Nepal,NPL,2022,1.947,417.4952194
2382,Netherlands,NLD,2022,1.522,13632.44339
2383,New Zealand,NZL,2022,1.269,2829.085839
2384,Nicaragua,NIC,2022,2.334,84.21404786
2385,Niger,NER,2022,2.655,242.5070463
2386,Nigeria,NGA,2022,2.725,3109.384939
2387,North Korea,PRK,2022,2.942,
2388,Macedonia,MKD,2022,1.704,
2389,Norway,NOR,2022,1.465,8697.821939
2390,Oman,OMN,2022,1.889,5783.485046
2391,Pakistan,PAK,2022,2.789,10358.13859
2392,Palestine,PSE,2022,2.552,
2393,Panama,PAN,2022,1.876,0
2394,Papua New Guinea,PNG,2022,2.046,97.48777575
2395,Paraguay,PRY,2022,1.976,365.6882526
2396,Peru,PER,2022,2.091,2799.190985
2397,Philippines,PHL,2022,2.339,5321.933198
2398,Poland,POL,2022,1.552,15341.31342
2399,Portugal,PRT,2022,1.301,3566.560368
2400,Qatar,QAT,2022,1.533,15412.08791
2401,Republic of the Congo,COG,2022,2.184,
2402,Romania,ROU,2022,1.64,5187.965337
2403,Russia,RUS,2022,3.275,102366.6365
2404,Rwanda,RWA,2022,1.945,176.4316646
2405,Saudi Arabia,SAU,2022,2.288,70920
2406,Senegal,SEN,2022,1.916,421.0137438
2407,Serbia,SRB,2022,1.832,1723.486852
2408,Sierra Leone,SLE,2022,1.803,28.00096113
2409,Singapore,SGP,2022,1.326,12034.03724
2410,Slovakia,SVK,2022,1.499,2085.664762
2411,Slovenia,SVN,2022,1.316,775.1562934
2412,Somalia,SOM,2022,3.125,
2413,South Africa,ZAF,2022,2.283,3110.121447
2414,South Korea,KOR,2022,1.779,
2415,S. Sudan,SSD,2022,3.184,
2416,Spain,ESP,2022,1.603,20306.57063
2417,Sri Lanka,LKA,2022,2.02,1002.002151
2418,Sudan,SDN,2022,3.007,
2419,Sweden,SWE,2022,1.564,7722.479441
2420,Switzerland,CHE,2022,1.357,5652.315106
2421,Syria,SYR,2022,3.356,
2422,Taiwan,TWN,2022,1.618,15261.44644
2423,Tajikistan,TJK,2022,2.031,203.9420833
2424,Tanzania,TZA,2022,2.001,832.2344787
2425,Thailand,THA,2022,2.098,6030.950057
2426,The Gambia,GMB,2022,1.792,
2427,Timor-Leste,TLS,2022,1.839,
2428,Togo,TGO,2022,2.094,336.6083233
2429,Trinidad and Tobago,TTO,2022,2.005,217.1632506
2430,Tunisia,TUN,2022,1.996,1156.186916
2431,Turkey,TUR,2022,2.785,
2432,Turkmenistan,TKM,2022,2.116,
2433,Uganda,UGA,2022,2.309,924.7558857
2434,Ukraine,UKR,2022,2.971,41183.92747
2435,United Arab Emirates,ARE,2022,1.865,
2436,United Kingdom,GBR,2022,1.667,64081.63428
2437,United States of America,USA,2022,2.44,860692.2
2438,Uruguay,URY,2022,1.795,1297.897837
2439,Uzbekistan,UZB,2022,2.001,
2440,Venezuela,VEN,2022,2.798,4.627333502
2441,Vietnam,VNM,2022,1.786,
2442,Yemen,YEM,2022,3.394,
2443,Zambia,ZMB,2022,1.841,326.0787596
2444,Zimbabwe,ZWE,2022,2.35,332.7173373
